question,answer,evidence
"환원제비(Reducing agent Ratio, R.R, RAR)이 무엇입니까","환원제비(Reducing agent Ratio, R.R, RAR)는 코크스비와 미분탄비를 합한 것으로, 연료비 또는 Reductant Ratio라고도 부릅니다. 이 값은 고로에서의 환원 과정에 필요한 연료량을 나타냅니다.","[1] type=image_formula | file=images_formula_final.json | score=0.6050
[문서: 조업공정식 해설] [경로: 4. 조업 기준 / 4.2 원료, 연료 / 4.2.10 환원제비 (kg/t-p)] 4.2.10 환원제비 (kg/t-p) = 코크스비 (kg/t-p) + 미분탄비 (kg/t-p)       (또는, 연료비, Fuel Ratio, RAR: Reduction Agent Ratio, RR: Reductant Ratio 이라고도 함)

[2] type=table_str | file=tables_str_final.json | score=0.5609
[문서: 장입 연,원료 용어의 기준] [경로: 4. 조업 기준 / 4.3 소결광 품질관리 용어] 용어: 환원율(RI)(Reduction Index) | 단위: % | 정의: 고로내에서 소결광의 환원성을 나타내는 지수이다.

[3] type=table_str | file=tables_str_final.json | score=0.5291
[문서: 장입 연,원료 용어의 기준] [경로: 4. 조업 기준 / 4.3 소결광 품질관리 용어] ['용어: 환원율(RI)(Reduction Index) | 단위: % | 정의: 고로내에서 소결광의 환원성을 나타내는 지수이다.', '용어: 피환원성 | 단위: - | 정의: 철광석중 산소가 제거되기 쉬운 정도를 말하며, 이는 고로 연료비 및 생산성에 큰 영향을 준다.']

[4] type=text | file=texts_final.json | score=0.5060
[문서: 노열관리 및 보상기준] [경로: 4. 조업기준 / 4.5 풍구선단 보정 환원제비 (RAR.RT)에 의한 노열보상 / (1) RAR.RT 의 개념 / 풍구 선단 보정 RAR (RAR.RT) 개념 / ▶ RAR.RT (풍구 선단 보정 환원제비)] MES 조입 Monitoring 화면 RAR.RT 항목신설

{{IMG_SUM_002}}

○ 활용방법
● 분 Data 조화시 PCI 취입편차로 인해 편차가 크기때문에 10분 Data로 조화 후 상승 또는 하강추세를 보고 노열 Action 실시

[5] type=image_sum | file=images_sum_final.json | score=0.4641
[문서: 노열관리 및 보상기준] [경로: 4. 조업기준 / 4.5 풍구선단 보정 환원제비 (RAR.RT)에 의한 노열보상 / (1) RAR.RT 의 개념] 이 도표에는 열풍로의 승온 과정 및 관련 변수가 포함되어 있습니다."
고로에 주입하는 원료는 무엇이 있습니까? ,"고로에 주입되는 주요 원료는 부원료(Flux)를 포함하며, 이는 Slag 제조 및 후공정 요구에 알맞은 용선 품질을 만들기 위해 첨가하는 것으로 알려져 있습니다. 하지만 구체적인 모든 종류의 원료를 명시하지 않았습니다. 예를 들어 규석, 석회석, 사문암, 망간, CIP 등이 포함될 수 있지만, 이것이 완전한 목록은 아닙니다.","[1] type=text | file=texts_final.json | score=0.5914
[문서: 장입 연,원료 용어의 기준] [경로: 2. 목적 / 가. 고로공정중 장입 원, 연료에 관련된 용어를 정확하게 인식하여 공정관리자 및 조업자 상호간의 원활한 의사 소통과 정보 전달을 가능하기 위함이다.나. 고로 장입물(원, 연료)의 특성을 이해하여 입조 및 관리 기준, 재고상태 등을 파악하여, 향후 노황을 예측하여 고로에서 요구하는 양질의 원, 연료를 안정적으로 공급하기 위함이다.] # 2. 목적

## 가. 고로공정중 장입 원, 연료에 관련된 용어를 정확하게 인식하여 공정관리자 및 조업자 상호간의 원활한 의사 소통과 정보 전달을 가능하기 위함이다.나. 고로 장입물(원, 연료)의 특성을 이해하여 입조 및 관리 기준, 재고상태 등을 파악하여, 향후 노황을 예측하여 고로에서 요구하는 양질의 원, 연료를 안정적으로 공급하기 위함이다.

[2] type=text | file=texts_final.json | score=0.5880
[문서: 장입 연,원료 용어의 기준] [경로: 4. 조업 기준 / 4.1 고로사용 원료의 종류 및 정의 (특징)] {{TB_STR_003}}

[3] type=text | file=texts_final.json | score=0.5618
[문서: 장입 연,원료 용어의 기준] [경로: 4. 조업 기준 / 4.1 고로사용 원료의 종류 및 정의 (특징)] ## 4.1 고로사용 원료의 종류 및 정의 (특징)

{{TB_STR_002}}

[4] type=text | file=texts_final.json | score=0.5587
[문서: 고로일반 용어의 기준] [경로: 4. 조업 기준 / 4.6 고로장입 원, 연료 성상 용어] ## 4.6 고로장입 원, 연료 성상 용어

{{TB_STR_007}}

[5] type=table_str | file=tables_str_final.json | score=0.5514
[문서: 장입 연,원료 용어의 기준] [경로: 4. 조업 기준 / 4.1 고로사용 원료의 종류 및 정의 (특징)] col1: 부원료(Flux) | col2: - | col3: 고로 조업에 알맞은 Slag 제조 및 후공정 요구에 알맞은 용선 품질을 만들기 위해 첨가하는 원료의 통칭종류: 규석, 석회석, 사문암, 망간, CIP 등"
원료에서 Blending을 하는 이유가 무엇입니까?,"컨텍스트에서 직접적인 답변은 나오지 않았지만, 일반적으로 Blending을 하는 이유는 다양한 원료를 혼합하여 일정한 품질과 성분비율을 유지하면서 고로에 공급하기 위함입니다. 이를 통해 생산 과정의 안정성을 확보하고, 최적의 조업 효율을 달성할 수 있습니다.","[1] type=text | file=texts_final.json | score=0.3825
[문서: 장입 연,원료 용어의 기준] [경로: 4. 조업 기준 / 4.1 고로사용 원료의 종류 및 정의 (특징)] {{TB_STR_003}}

[2] type=text | file=texts_final.json | score=0.3720
[문서: 장입 연,원료 용어의 기준] [경로: 2. 목적 / 가. 고로공정중 장입 원, 연료에 관련된 용어를 정확하게 인식하여 공정관리자 및 조업자 상호간의 원활한 의사 소통과 정보 전달을 가능하기 위함이다.나. 고로 장입물(원, 연료)의 특성을 이해하여 입조 및 관리 기준, 재고상태 등을 파악하여, 향후 노황을 예측하여 고로에서 요구하는 양질의 원, 연료를 안정적으로 공급하기 위함이다.] # 2. 목적

## 가. 고로공정중 장입 원, 연료에 관련된 용어를 정확하게 인식하여 공정관리자 및 조업자 상호간의 원활한 의사 소통과 정보 전달을 가능하기 위함이다.나. 고로 장입물(원, 연료)의 특성을 이해하여 입조 및 관리 기준, 재고상태 등을 파악하여, 향후 노황을 예측하여 고로에서 요구하는 양질의 원, 연료를 안정적으로 공급하기 위함이다.

[3] type=text | file=texts_final.json | score=0.3716
[문서: 뱅킹(Banking) 조업시 감광 기준] [경로: 6. 기술이론 / 6.2 충진원료 적용성분 (단위:%)] ## 6.2 충진원료 적용성분 (단위:%)

{{TB_UNSTR_001}}

[4] type=table_str | file=tables_str_final.json | score=0.3705
[문서: 장입 연,원료 용어의 기준] [경로: 4. 조업 기준 / 4.4 Pellet 품질관리 용어] 용어: Pelletizing | 단위: - | 정의: 분체 · 용용액 · 농축액 등을 입상(粒狀)으로 하는 조작을 조립(造粒: granulation)이라고 하는데, 펠레타이징은 그것들 중의 한 방법이다

[5] type=text | file=texts_final.json | score=0.3684
[문서: 장입 연,원료 용어의 기준] [경로: 4. 조업 기준 / 4.1 고로사용 원료의 종류 및 정의 (특징)] ## 4.1 고로사용 원료의 종류 및 정의 (특징)

{{TB_STR_002}}"
고로 내에 부원료를 사용하는 이유는 무엇입니까?,"고로 내에서 부원료를 사용하는 이유는 고로 조업에 알맞은 슬래그(Slag)를 제조하고, 후공정 요구에 맞는 용선 품질을 만들기 위함입니다. 이는 규석, 석회석 등 다양한 종류의 부원료를 통해 이루어집니다.","[1] type=text | file=texts_final.json | score=0.5469
[문서: 장입물 충진작업 기준] [경로: 4. 조업기준 / 4.2 충진용 장입물 설정기준 / 4.2.2 부원료 / 나. 규석, 석회석] o 고로별 총진용 부원료 사용실적

{{TB_STR_008}}

[2] type=table_str | file=tables_str_final.json | score=0.5167
[문서: 장입 연,원료 용어의 기준] [경로: 4. 조업 기준 / 4.1 고로사용 원료의 종류 및 정의 (특징)] col1: 부원료(Flux) | col2: - | col3: 고로 조업에 알맞은 Slag 제조 및 후공정 요구에 알맞은 용선 품질을 만들기 위해 첨가하는 원료의 통칭종류: 규석, 석회석, 사문암, 망간, CIP 등

[3] type=text | file=texts_final.json | score=0.5048
[문서: 장입 연,원료 용어의 기준] [경로: 4. 조업 기준 / 4.1 고로사용 원료의 종류 및 정의 (특징)] {{TB_STR_003}}

[4] type=table_str | file=tables_str_final.json | score=0.4924
[문서: 장입 연,원료 용어의 기준] [경로: 4. 조업 기준 / 4.1 고로사용 원료의 종류 및 정의 (특징)] col1: TiO₂광 | col2: - | col3: 사용 목적: 고로의 노저온도 상승시 노저 부위에 티탄층을 형성시켜 노저를 보호하기 위한 목적으로 사용

[5] type=text | file=texts_final.json | score=0.4895
[문서: 장입 연,원료 용어의 기준] [경로: 4. 조업 기준 / 4.1 고로사용 원료의 종류 및 정의 (특징)] ## 4.1 고로사용 원료의 종류 및 정의 (특징)

{{TB_STR_002}}"
"통기성(Permeability, K)이 무엇입니까?","통기성(Permeability, K)은 고로 내에서 노하부에서 발생한 가스가 장입물의 충진층 사이를 빠져나가는 정도를 의미합니다. 이는 물질의 유동화 상태를 나타내며, Carman의 총진층 압력손실식 ΔP = K.G²-β)/(을 통해 도출됩니다(고로의 경우 β=0.3이 적용됩니다).","[1] type=text | file=texts_final.json | score=0.4433
[문서: 조업공정식 해설] [경로: 4. 조업 기준 / 4.3 개스류 및 노내반응 / 4.3.2 통기저항지수 (K)] ### 4.3.2 통기저항지수 (K)
{{IMG_SUM_019}}
* Carman 의 총진층 압력손실식 Δ P = K.G²-β)/( 으로 부터 유도 (고로의 경우 β=0.3 적용)

{{TB_STR_002}}

[2] type=text | file=texts_final.json | score=0.4283
[문서: 노황관리 용어의기준] [경로: 4. 조업 기준 / 4.3 PCI 취입 기술 관련 / 나. 통기성, 풍액성 : 고로내 물질의 유동화 정도로써 통기성은 노하부에서 발생한 Gas 가 장입물의 충진층 사이를 빠져 나가는 정도이며 풍액성은 적하대 하부의 용용물(용선, Slag)이 노내 코크스를 빠져 나가는 정도를 말한다.] ## 4.3 PCI 취입 기술 관련

### 가. All Coke 도입 : 노내에 장입되는 연료중에 풍구부로 취입되는 PCI, 중유 등의 보조연료를 사용하지 않고 순수하게 Coke 만 장입하여 열 Balance 를 유지하는 조업.

### 나. 통기성, 풍액성 : 고로내 물질의 유동화 정도로써 통기성은 노하부에서 발생한 Gas 가 장입물의 충진층 사이를 빠져 나가는 정도이며 풍액성은 적하대 하부의 용용물(용선, Slag)이 노내 코크스를 빠져 나가는 정도를 말한다.

[3] type=table_str | file=tables_str_final.json | score=0.4145
[문서: 조업공정식 해설] [경로: 4. 조업 기준 / 4.3 개스류 및 노내반응 / 4.3.2 통기저항지수 (K)] ['단구분: UK | 1 고로: TP - SP6 | 2,3,4 고로: TP - SP10', '단구분: MK | 1 고로: SP6 - SP3 | 2,3,4 고로: SP10 - SP6', '단구분: LK | 1 고로: SP3 - BP | 2,3,4 고로: SP6 - BP']

[4] type=table_str | file=tables_str_final.json | score=0.4118
[문서: 조업공정식 해설] [경로: 4. 조업 기준 / 4.3 개스류 및 노내반응 / 4.3.2 통기저항지수 (K)] 단구분: LK | 1 고로: SP3 - BP | 2,3,4 고로: SP6 - BP

[5] type=text | file=texts_final.json | score=0.4038
[문서: Slag 염기도 및 유동성 관리기준] [경로: 6. 기술이론 / 6.4 SLAG 의 유동성 / 6.4.1 점성(점도, VISCOSITY)] {{IMG_SUM_001}}
그림 1. 점성의 정의

여기서 η는 내부마찰계수로서 점성을, 점성계수 또는 절대점도라 한다.

점성계수 η의 단위는 c.g.s. 단위계(dyn.sec/cm²)로 나타낼때는 그 단위를 poise로 부른다.

또 η(poise)를 밀도ρ(g/cm³)로 나눌때 값 η/ρ를 동점성계수 또는 동점도라 하고 그 단위는 stokes라 한다.

표 1. 에 점성계수 값의 개념을 알기 쉽게 대표적인 물질의 점도를 나타냈다.

[표 1. 대표적인 물질의 점도]

{{TB_STR_004}}"
Coke 품질 지표로 WF-DI30150 가 나오는데 그것이 의미하는 것이 무엇입니까?,"WF-DI30150은 Coke의 물리적 성질을 나타내는 지표로, 컨텍스트에서 WF DI(%)로 언급되고 있다. 이 값은 고로 유형에 따라 최소 요구 기준이 다르며, 2고로에서는 ≥84%, 3고로와 4고로에서는 ≥86%를 요구한다. 그러나 특정 숫자 30150의 의미는 제공된 컨텍스트에서 명확히 나타나지 않으므로 모릅니다.","[1] type=table_str | file=tables_str_final.json | score=0.6254
[문서: COKE 및 COAL 품질관리 기준] [경로: 4. 조업 기준 / 4.1 Coke 품질관리 기준] 항목: Wf DI (%) | 2고로: ≥ 84 | 3고로: ≥ 86 | 4고로: ≥ 86 | 비고:

[2] type=table_str | file=tables_str_final.json | score=0.5655
[문서: COKE 및 COAL 품질관리 기준] [경로: 4. 조업 기준 / 4.1 Coke 품질관리 기준] ['항목: Wf DI (%) | 2고로: ≥ 84 | 3고로: ≥ 86 | 4고로: ≥ 86 | 비고: ', '항목: MS (mm) | 2고로: ≥ 50 | 3고로: ≥ 50 | 4고로: ≥ 50 | 비고: ', '항목: Ash (%) | 2고로: ≤ 12.0 | 3고로: ≤ 12.0 | 4고로: ≤ 12.0 | 비고: ']

[3] type=table_str | file=tables_str_final.json | score=0.5583
[문서: COKE 및 COAL 품질관리 기준] [경로: 5. 이상판단 및 조치기준 / 5.1 Coke 관리기준 초과 조치범위] 항목: Wf DI | 2 ~ 4 고로: 관리기준 - 2% | 비고: 좌측항목안의 관리기준을 초과한 사항에 대해

[4] type=text | file=texts_final.json | score=0.5432
[문서: COKE 및 COAL 품질관리 기준] [경로: 4. 조업 기준 / 4.1 Coke 품질관리 기준] ## 4.1 Coke 품질관리 기준

{{TB_STR_002}}

[5] type=text | file=texts_final.json | score=0.5286
[문서: COKE 및 COAL 품질관리 기준] [경로: 3. 중점관리 항목] # 3. 중점관리 항목

{{TB_STR_001}}"
Coke 품질 지표로 CSR이 나오는데 그것은 무슨 의미입니까?,"CSR은 Coke Strength Reaction의 약자로, 열간에서 코크스가 반응한 후 남아 있는 강도를 의미합니다. 단위는 mm로 표시됩니다.","[1] type=text | file=texts_final.json | score=0.5852
[문서: COKE 및 COAL 품질관리 기준] [경로: 4. 조업 기준 / 4.1 Coke 품질관리 기준] ## 4.1 Coke 품질관리 기준

{{TB_STR_002}}

[2] type=text | file=texts_final.json | score=0.5716
[문서: COKE 및 COAL 품질관리 기준] [경로: 6. 기술이론 / 6.1 Coke 품질이 고로 조업에 미치는 영향 / 6.1.3 Coke 품질에 따른 상관성 비교] ### 6.1.3 Coke 품질에 따른 상관성 비교

{{IMG_SUM_001}}

[3] type=table_str | file=tables_str_final.json | score=0.5667
[문서: 고로일반 용어의 기준] [경로: 4. 조업 기준 / 4.6 고로장입 원, 연료 성상 용어] 용어: ○ CSR(Coke StrengthReaction) | 단위: mm | 정의: - 열간에서 Coke가 반응하고 난 후의 강도 | 비고:

[4] type=text | file=texts_final.json | score=0.5520
[문서: COKE 및 COAL 품질관리 기준] [경로: 4. 조업 기준 / 4.2 Coal 품질 성상] ## 4.2 Coal 품질 성상

{{TB_UNSTR_001}}

[5] type=text | file=texts_final.json | score=0.5474
[문서: COKE 및 COAL 품질관리 기준] [경로: 3. 중점관리 항목] # 3. 중점관리 항목

{{TB_STR_001}}"
"고로 조업의 연료로서 PC(Purverized Coal, 미분탄)를 사용하는데, 통기성에도 좋지 않는데 왜 사용비를 증가시키려고 하는 겁니까?","PC(Purverized Coal) 사용 비율을 증가시키려는 이유는 연료비 절감과 효율 향상에 따른 경제적 이점이 크기 때문입니다. 고로 조업에서 PC를 다량으로 취입함으로써 고가의 Coke 대체가 가능해지며, 이는 CO₂ 발생 감소와 에너지 가격 변동에 대한 탄력성을 높이는 효과도 있습니다. 다만, 통기성 저하 등의 문제점을 최적화하면서 이러한 목표를 달성하고자 기술 개발이 진행되고 있습니다.","[1] type=text | file=texts_final.json | score=0.5595
[문서: 고출선비 조업시 연,원료 품질관리 기준] [경로: 4. 조업기준 / 4.3 Coke 및 PCI Coal 품질개선 목표] ## 4.3 Coke 및 PCI Coal 품질개선 목표
고출선비 조업시에는 노상부에 장입된 Coke 는 송풍에너지 증가 및 강한 Speed 증가에 의하여 기본적으로 분화되기 쉽고 노심 부위에 촉적된 분 Coke 는 Slag 유동성을 저하시켜 노하부 통액성에 악영향을 미치므로 입도 및 냉간, 열간 강도의 증가가 요구된다. 또한 Coke Ash 는 0.1% 저하시 출선비 0.2% 증가 효과가 있으므로 최대한 낮추어서 연료비 저감을 도모한다.

PCI Coal 은 연료비와 Gas Volume 의 감소를 위하여 가능한 고발열량, 저휘발분의 반무연탄을 사용하는 것이 유리하나, 저휘발분의 반무연탄을 전량 사용시 연소성 악화에 의하여 노심에 미연소 Coal 의 촉적으로 노화학화의 위험이 있으므로 연소성을 고려하여 고 휘발분 Coal 을 일정 비율로 혼합하여 사용해야 하며, 풍구전 반응에 의한 SiO Gas 발생 최소화를 위하여 저 SiO₂ Coal 을 사용한다.

[2] type=text | file=texts_final.json | score=0.5588
[문서: 미분탄 취입 용어의 기준] [경로: 4. 조업기준 / 4.4 “Coal 연소성 향상방안”관련 용어] ## 4.4 “Coal 연소성 향상방안”관련 용어

{{TB_STR_005}}

[3] type=text | file=texts_final.json | score=0.5487
[문서: 고로사용 연료(Coke,Coal)의 기준] [경로: 4. 조업기준 / 4.2. 고로에서 요구되는 Coke의 특징 / 4.2.2 P₂O₅가 적을 것] Coke 중의 P₂O₅ 는 대부분이 선철중에 고용된다. 따라서 이 [P]는 강재 품질을 악화시키므로 적은 것이 유리함.

[4] type=text | file=texts_final.json | score=0.5471
[문서: 미분탄 취입시 노내변화 기준] [경로: 6. 기술이론 / 6.1 미분탄 취입기술 개요] 에는 노내 O/C 증가에 대한 통기성의 악화, 단위시간당 취입량 증대에 의한 연소성 저하의 문제점, 연소성 저하에 의한 노내 통기저항 증가 및 노하부 풍액성 악화, GAS류 변동에 의한 제반 조업지수의 상이성으로 인해 취입비 증대의 장애요인으로 작용하였다.

그러나 미분탄 취입기술은 70년대 개발 이후에 약 30년 가까이 발전해 오면서 현재 출선비 2.0 T/D/m³ 하에서 년평균 200Kg/T-P 수준의 조업을 안정적으로 실시할 수 있는 수준까지 발전하였다.

미분탄 취입의 한계는 명확하게 규정되지는 않았으나 현재 약 250~ 300Kg/T-P로 추정하고 있으며 취입량의 증가는 COKE 가동율을 낮추는 결과를 가져와 COKE OVEN의 수명을 현재의 40년에서 그 이상으로 늘릴 수 있는 여지를 제공하고 있고 환경측면에서는 CO₂ 발생을 줄일 수 있어서 ALL COKE 조업 대비 유리하다. 또한 최근 선진국을 중심으로 시작되고 있는 탄소세 부과시 미래의 용선제조원가를 좌우하는 결정적인 요인으로 작용할것으로 예상되고있다.

고로조업 측면에서는 취입비의 지속적 증대기술, 취입탄종의 확대 등을 통해 경제성을 확보해 나가는 한편 고출선비 조업하에 고미분탄 취입시 안정적인 노황유지 조업기술의 확보, 고 PCI 조업하에 노체, 노저를 건전하게 유지할 수 있는 장수명화 기술의 개발, 유가 변동 등 에너지 가격변동에 탄력적으로 대응할 수 있도록 기술개발의 방향이 정립되고 있다.

[5] type=text | file=texts_final.json | score=0.5442
[문서: 미분탄 취입시 노내변화 기준] [경로: 6. 기술이론 / 6.1 미분탄 취입기술 개요] ## 6.1 미분탄 취입기술 개요
고로조업에서 미분탄 다량취입의 기술적 의의는 고로에서 보조연료 취입수단의 하나로서 고가의 COKE를 저가의 유연탄으로 대체하는 것으로 -200MESH가 80% 이상이 되도록 GRINDING 하여 노하부의 풍구를 통해 취입하는 PROCESS로서 PCI조업은 COKE를 최대한 대체하여 경제적인 조업을 하는데 있다. 그러나 최근에는 COKE 대체라는 단순의미 이외에도 고로 PROCESS에 대한 개념을 새로이 정립하는 수준까지 PCI조업의 역할 및 그 중요도가 발전하였다.

미분탄 조업에 의한 산소부화의 도입은 기존의 송풍개념을 변화시켰으며 복합송풍의 실시에 의해서 고출선비 조업시 문제가 되는 열류비의 효과적 제어가 가능하였고 미분탄 조업의 실시는 출선비 증대와 고로조업의 안정화라는 부수적인 효과를 보았다.

미분탄 취입조업은 ALL COKE 조업과는 달리 노내 온도분포 및 열류비 분포가 상이하여 장입물의 강하, 환원과정이 기존의 ALL COKE 조업과는 다른 특징을 나타내고 있다. 미분탄 취입 초기"
"고로의 모양을 볼 때, 노구에서 Belly 부분까지는 넓어지다가 Bosh 부분에서 다시 좁아지는데 그 이유는 무엇입니까?","고로의 모양이 노구에서 Belly 부분까지 넓어지다가 Bosh 부분에서 다시 좁아지는 이유는 주로 고로 내부에서 발생하는 화학반응과 열교환 과정을 최적화하기 위함입니다. Bosh 각도와 높이는 장입물의 강하 속도와 미환원 광석의 충분한 환원을 조절하는데 중요한 역할을 하며, 이를 통해 노상에 유입되는 물질들의 성질과 양을 제어합니다. 이러한 설계는 고로의 효율성과 장수를 위해 필수적입니다.","[1] type=text | file=texts_final.json | score=0.5904
[문서: 노체 Profile 기본사상 기준] [경로: 6 기술이론 / 6.3 노체 각 부위의 Profile 사상과 변화 / 6.3.4 Bosh] ### 6.3.4 Bosh
최근 고로의 Bosh 각도는 80 ~ 83° 정도인데 각도가 적으면 Gas의 급격한 팽창에 의하여 온도가 저하 되어 장입을 강하 저항이 커지고 높이가 높을 경우에는 봉락의 원인이 된다. 이에 반하여 각도가 클 경우에는 장입을 강하 저항이 적어 노 주변의 장입을 강하 빨라져서 미환원 생광의 낙하가 우려된다. Bosh 부는 장입을 강하 속도가 느려서 미환원 광석을 충분히 환원하여 노상에 유입하는 부분으로 최근에 광석의 정립광화, 광성광의 사용증가에 의하여 일반적으로 Bosh 부의 높이가 낮아지고 있다.

반면에 조입속도의 상승에 의하여 하부 열교환 영역이 상승함에따라 높이를 확보할 필요가 있는데

최근 고로는 Bosh 보다 Shaft 하부 노체 손상이 현저하여 Belly 부의 노벽을 풍구 선단까지 후퇴하여 보호할 목적으로 최근 Bosh 높이를 크게하는 시도도 있다.

[2] type=text | file=texts_final.json | score=0.5589
[문서: 노체 Profile 기본사상 기준] [경로: 6 기술이론 / 6.3 노체 각 부위의 Profile 사상과 변화 / 6.3.4 Bosh / 1) Kimitsu 4BF 개수시 고로 Profile] #### 1) Kimitsu 4BF 개수시 고로 Profile
● 내용적: 5151m³ → 5555m³ (7.8% ↑)
● 노상경: 14.5mm → 15.2mm
● Bosh 각도: 81.404°→ 77.905°
● Shaft 각도: 81.777°→ 80.028°
● Belly 길이: 3500 → 1400mm

[3] type=text | file=texts_final.json | score=0.5207
[문서: 노체 Profile 기본사상 기준] [경로: 6 기술이론 / 6.3 노체 각 부위의 Profile 사상과 변화 / 6.3.4 Bosh / 2) Oita 2BF 개수전후 Profile 변경 및 사상] #### 2) Oita 2BF 개수전후 Profile 변경 및 사상

{{TB_UNSTR_001}}

{{IMG_TR_003}}
그림 4. Oita 2BF 개수전후 Profile 변경

● 2 대기 Bosh Profile 이 융축대근부에서 장입물 강하 불안정 및 원주방향 장입물 강하 불안정 유발하여, 3 대기에는 3 세대 Stave 를 사용하지 않기로 함.

* 1 차 개수시 Belly, Bosh Profile 변경 (1 대기→2 대기)

: Belly 높이 1800mm → 2100mm, Bosh 높이 4500mm → 2514mm, Bosh 각도: 79°18' → 68°10'

● 열부하를 많이 받는 Shaft 하부는 4 세대 Stave 를 채용하여 냉각능력을 향상.

* Oita 2 고로 1 대기 조업결과 초기 Stave 두께가 870mm 에서 180mm 까지 줄어들었으며, 2 대기 조업결과 초기 Stave 두께가 600mm 에서 220mm 까지 줄어듬.

[4] type=text | file=texts_final.json | score=0.5086
[문서: 노체 Profile 기본사상 기준] [경로: 2 대기 조업결과] # 2 대기 조업결과

{{IMG_SUM_015}}
● 2 대기 15 년간 조업 결과 Bosh Profile 변동 발생
● 보쉬에서의 노벽 탈락으로 인한 원주방향 unbalance
● 고 PCI 조업 등에 의한 Bosh 에서의 영향에 의한 원주방향 Unbalance
● 3 대기 Profile 설계시 Bosh 각도는 가능한 한 Profile 에 변동이 없도록 함. 즉, 노벽의 내화물 마모시 Bosh 각도가 변동되는데, 내화물 마모시에도 Bosh 각도에 변동이 생기지 않도록 고려하여 설계
● Oita 2 고로 3 차 개수시 Bosh 각도는 1,2 대기 조업 결과를 토대로 78.69°로 결정하였으며, 연와 탈락시 Angle 을 81.54°로 설계. 연와는 냉각능 증대, 연와탈락 방지 위해 앞게 쌓음
● Bosh 높이는 4000mm 로 설계.

그림 7. Oita 2 고로 3 차 개수 Bosh Profile

● Kimitsu 는 Bosh 에 4 개의 T/C 를 설치하였으나, Oita 2BF 는 Bosh 부위에 8 개의 T/C 설치.
● Bosh Profile 설계시 우선 순위는 Bosh 각도-Bosh 높이 순임.

{{IMG_SUM_016}}

[5] type=text | file=texts_final.json | score=0.5045
[문서: 노체 Profile 기본사상 기준] [경로: 2 대기 조업결과 / 6.3.5 Belly] ## 6.3.5 Belly
Belly 부는 노상경 Bosh 각도 및 높이에 의하여 결정 되지만 Belly 경과 노상경의 비는 중형고로에서는 1.2 ~ 1.3, 대형고로 에서는 1.1 전후이다."
단위 사용에 있어서 Nm3(노르말 누베)가 자주 나오는데 그것이 무엇입니까,"Nm3는 표준 상태(일반적으로 0°C와 1 atm 압력)에서의 입방미터를 의미합니다. 이 단위는 가스의 체적을 비교할 때 사용되며, 온도나 압력 변화에 따른 부피 변동을 보정하기 위함입니다.","[1] type=text | file=texts_final.json | score=0.4065
[문서: 장입 연,원료 용어의 기준] [경로: 3. 중점 관리항목] # 3. 중점 관리항목

{{TB_STR_001}}

[2] type=text | file=texts_final.json | score=0.4029
[문서: 노황관리 용어의기준] [경로: 3. 중점 관리 항목] # 3. 중점 관리 항목

{{TB_STR_001}}

[3] type=text | file=texts_final.json | score=0.4005
[문서: 조업공정식 해설] [경로: 4. 조업 기준 / 4.1 생산 지수 / 4.1.7 O₂원단위 (Nm³/t-p)] ### 4.1.7 O₂원단위 (Nm³/t-p)
{{IMG_SUM_007}}

[4] type=table_str | file=tables_str_final.json | score=0.3952
[문서: 고로일반 용어의 기준] [경로: 4. 조업 기준 / 4.1 고로공통] 용어: ○ 실용적 | 단위: m³ | 정의: - 고로 장입기준선에서 노저 Bottom 연와 상단까지의 노체 Stave 또는 연와 안쪽의 체적 | 비고:

[5] type=text | file=texts_final.json | score=0.3880
[문서: 노저연와 침식기구 및 잔존 계산법 기준] [경로: 1. 적용범위] # 1. 적용범위"
ηCO라는 지표가 무엇이며 어떻게 읽는지 부탁드리겠습니다.,"ηCO는 CO 가스의 이용률을 나타내며, 계산식은 다음과 같습니다: 

\[ \eta_{CO} = \frac{CO}{CO + CO_2} \times 100 \]

이 값은 일반적으로 %로 표현됩니다.","[1] type=image_formula | file=images_formula_final.json | score=0.4030
[문서: 조업공정식 해설] [경로: 4. 조업 기준 / 4.3 개스류 및 노내반응 / 4.3.15 CO Gas 이용율(%) : η_{CO}] 4.3.15 CO Gas 이용율(%) : ηCO = frac{CO₂{CO + CO₂ × 100

[2] type=image_formula | file=images_formula_final.json | score=0.3905
[문서: 고로사용 연료(Coke,Coal)의 기준] [경로: 4. 조업기준 / 4.1. Coke의 특성 / 4.1.1 고로에서의 Coke의 역할] 2CO + O₂ 
→ 2CO₂

[3] type=table_str | file=tables_str_final.json | score=0.3843
[문서: 노체하부 불활성화시 조치기준] [경로: 4. 조업기준 / 4.6 노하부 불활성 해소판단 기준 (Cleaning 완료 및 증광판단 기준)] 항목: 바. η CO | 4 고로 기준: 동일 O/C 에서 변동폭0.5%/ 2 시간이내 | 2 고로 기준: 동일 O/C 에서 변동폭0.5%/ 2 시간이내 | 비고:

[4] type=image_formula | file=images_formula_final.json | score=0.3780
[문서: 고로사용 연료(Coke,Coal)의 기준] [경로: 4. 조업기준 / 4.1. Coke의 특성 / 4.1.1 고로에서의 Coke의 역할] C + O₂ 
→ CO₂ (Coke 연소반응)

[5] type=text | file=texts_final.json | score=0.3617
[문서: 조업공정식 해설] [경로: 4. 조업 기준 / 4.3 개스류 및 노내반응 / 4.3.15 CO Gas 이용율(%) : η_{CO}] ### 4.3.15 CO Gas 이용율(%) : η_{CO}
{{IMG_SUM_044}}"
Cross sonde의 온도가 높으면 ηCO가 낮아지는데 그 현상은 무엇 때문입니까?,컨텍스트에서 제공된 정보만으로는 Cross sonde의 온도 상승이 ηCO 감소와 직접적으로 연결되는 구체적인 이유를 찾을 수 없습니다. 따라서 모릅니다. 추가적인 기술적 이론이나 데이터가 필요할 수 있습니다.,"[1] type=text | file=texts_final.json | score=0.4461
[문서: 노저온도 상승, 저하시 조치 기준] [경로: 6. 기술이론 / 6.5 노저 Bottom 부 온도저하시 현상 / 6.5.1 노저 Bottom 부 온도 저하시 요인 추정 / 가. 장기간 Coke 성상 불량에 따른 노심 Coke 오염Coke 중 Ash 함량 높은상태 지속 및 CSR 저하나. 노체 상부 중심온도 저하에 의한 Coke 열화 가속다. 중심부로 Ore 유입량 증가] ### 6.5.1 노저 Bottom 부 온도 저하시 요인 추정

#### 가. 장기간 Coke 성상 불량에 따른 노심 Coke 오염Coke 중 Ash 함량 높은상태 지속 및 CSR 저하나. 노체 상부 중심온도 저하에 의한 Coke 열화 가속다. 중심부로 Ore 유입량 증가
Ore Large 장입시 Sounding 미끄러짐 현상 주기적 발생과 Coke Terrace 길이의 감소 라. Input TiO2 상승조업 및 Hearth Wall 냉각수 온도 저하의 장기간 지속

[2] type=text | file=texts_final.json | score=0.4219
[문서: COKE 및 COAL 품질관리 기준] [경로: 6. 기술이론 / 6.1 Coke 품질이 고로 조업에 미치는 영향 / 6.1.2 Coke 수분의 영향 / 나. Yard Coke 사용시는 직송 사용시와 달리 수분 변동이 크기 때문에 노열 Balance 저해 요인이 될 수 있다..] ### 6.1.2 Coke 수분의 영향

#### 가. Coke 중 수분이 과도하게 상승할 경우 Coke 에 부착분이 발생하여 노내 풍기성을 저해하거나 중성자 수분계의 수분감지 오차발생으로 노열 변동을 초래할 수 있다.

#### 나. Yard Coke 사용시는 직송 사용시와 달리 수분 변동이 크기 때문에 노열 Balance 저해 요인이 될 수 있다..

[3] type=text | file=texts_final.json | score=0.4188
[문서: 고로사용 연료(Coke,Coal)의 기준] [경로: 4. 조업기준 / 4.3 Coke 품질이 고로 조업에 미치는 영향 / 4.3.2 Coke 수분의 영향] ### 4.3.2 Coke 수분의 영향
● Coke 중 수분이 과도하게 상승할 경우 Coke 에 부착분이 발생하여 노내 통기성을 저해하거나 중성자 수분계의 수분감지 오차발생으로 노열 변동을 초래할 수 있다.
● Yard Coke 사용시는 직송 사용시와 달리 수분 변동이 크기 때문에 노열 Balance 저해 요인이 될 수 있음.

[4] type=image_sum | file=images_sum_final.json | score=0.4126
[문서: 노체 Profile 기본사상 기준] [경로: 2 대기 조업결과] 이 도표에는 부위에 설치된 8개의 T/C(Temperature and Current Sensor)가 포함되어 있으며, 이들은 Bosh Profile의 설계 시 우선순위인 Bosh 각고(Bush Angle)-Bosh 놓이(Bush Height) 순으로 배치되었습니다. 또한, Bosh에서 발생하는 온도 변화에 따른 효과를 평가하기 위해 진행되었던 실험결과에서는 가스(Gas)가 17백도(170°C)를 통과할 때 스테이브(Stave)의 온 độ는 최대 17 백도(1 seventy degree Celsius)까지 상승한다는 것을 확인하였습니다.

[5] type=text | file=texts_final.json | score=0.4118
[문서: PCI Cut시 조치기준] [경로: 4. 조업기준 / 4.4 PCI Cut(All Coke)조업시 노내현상 변화의 이론적 고찰 / 4.4.1 노내 열 Balance 변화 / 나. 고로 하부] ### 4.4.1 노내 열 Balance 변화

#### 가. 고로 상부
노정온도 저하및 열류비 상승의 과정에서 Zn 배출능력 부족에 따른 노내 순환량 증가 상태에서 연원료 품질저하에 의한 고로 분장입량 증가시 노체 상부에 부착물이 성장하여장입물 강화가 불안정 해지고 또한 Thermal reserve zone 의 축소로 환원능력 저하등에도 영향을 미치게 된다.

● 열류비 상승에 따른 조정온도 저하 Mechanism

{{IMG_SUM_002}}
C_{Core} : 광석의 비열

OR : 광석비

C_{Coke} : Coke의 비열

CR : Coke 비

C_{Gas} : Gas의 비열

V_{Top} : Top gas volume

Coke 비 상승과 노정가스량 감소는 열류비를 상승시켜서 노정온도를 저하시키는 요인으로 작용한다.

#### 나. 고로 하부
노하부에서 발생되는 연소가스 밀도 저하에 따라 노하부 용해 에너지(T_f × VBG) 부족 현상이"
부도아르(Boudouard) 반응 혹은 Carbon Soluton Loss (CSL) 반응이 무엇입니까?,컨텍스트에서 직접적으로 부도아르 반응 혹은 Carbon Soluton Loss (CSL) 반응에 대한 정의나 설명이 주어지지 않았습니다. 따라서 이를 설명하기 위한 충분한 정보가 없습니다. 모릅니다.,"[1] type=text | file=texts_final.json | score=0.4904
[문서: 조업공정식 해설] [경로: 4. 조업 기준 / 4.3 개스류 및 노내반응 / 4.3.19 Carbon Solution Loss [%] : 고로내로 장입된 Carbon 중 철광석과 직접 환원으로 소비되는 Carbon 의 비를 나타냄.] ∴ CSL [%] = {C_Gas - (C_Tuy + C_SMP)} / C_Gas x 100

주) C_Gas : 개스화한 Carbon [kg/t-p] C_Tuy : 풍구 앞에서 소비된 Carbon [kg/t-p] C_Smp : [Si], [Mn], [P] 환원에 소요된 Carbon [kg/t-p] C_IN : 고로 내로 장입되는 Carbon [kg/t-p]. C_HM : 용선중으로 빠져나가는 Carbon [kg/t-p]. C_Dust : Dust 중으로 빠져나가는 Carbon [kg/t-p]. C.R : Coke Ratio [kg/t-p] PCR : PC Ratio [kg/t-p] nC_Coke, nC_PCR : Coke, PCI 중 고정 Carbon [%] nC_Dust : Dust 중 고정 C 석회석 장입량 [kg], 이론 출선량 [t-p/d], Dust 량 [t/h] VB : 송풍량 [Nm3/min] WH2O : 조습 [g/Nm3] O2 : 산소 취입량 [Nm3/h] HMT : 용선 온도 [°C] nSI_HM, nMn_HM, nP_HM, nS_HM : 용선중 Si, Mn. S, P 농도 [%]

[2] type=image_formula | file=images_formula_final.json | score=0.4496
[문서: [S] 제어기술 기준] [경로: 6. 기술이론 / 6.2 GAS 에 의한 탈류반응 MECHANISM / 알칼리에의한 탈류반응] C + 2[S] = CS₂

[3] type=image_formula | file=images_formula_final.json | score=0.4246
[문서: [S] 제어기술 기준] [경로: 6. 기술이론 / 6.2 GAS 에 의한 탈류반응 MECHANISM / CO, CO₂, H₂ 에의한 탈류반응] 2CO + 2[S] = CS₂ + CO₂

[4] type=image_formula | file=images_formula_final.json | score=0.4169
[문서: [Si] 제어기술 기준] [경로: 6. 기술이론 / 6.1 용선 [Si]생성 Mechanism / 적하대 Slag-Metal 반응] SiO(g) + C, [C] → [Si] + CO

[5] type=image_formula | file=images_formula_final.json | score=0.4128
[문서: [S] 제어기술 기준] [경로: 6. 기술이론 / 6.2 GAS 에 의한 탈류반응 MECHANISM / 알칼리에의한 탈류반응] Ca + [S] = CaS"
주상 작업시 용선에 왕겨를 투입하는 이유는 무엇입니까?,"주상 작업 시 용선에 왕겨(Mill-Scale)를 투입하는 이유는 용선 중의 [Si] 함량을 낮추기 위함입니다. 이는 고로 용선을 재강으로 이동하기 전에 주상 탕도에서 이루어지는 탈규 작업의 일부로서, 왕겨와 같은 고체산소원을 이용하여 용선 중의 불필요한 [Si] 성분을 저하시키는 과정입니다.","[1] type=table_str | file=tables_str_final.json | score=0.4907
[문서: 용선 및 외판 주물선 요구품질 기준] [경로: 6. 기술이론(용선 및 외판 주물선의 품질영향) / 6.1 용선품질의 영향 / 가. [Si]] col1: ● 고로조업의 Point | col2: -고[Si] 용선이 생산되면 최근에는 고로 주상에서 고체산소원인 분소결광, Mill-Scale 등을 용선중에 투입하여 탈규를 실시하 sk, 무엇보다도 중요한 것은 노내에서 배출되는 용선의 [Si] 성분을 낮추고 성분편차([Si] Σ)가 크지 않도록 고로조업을 관리해야 한다.

[2] type=text | file=texts_final.json | score=0.4872
[문서: 용선 품질관리 용어의 기준] [경로: 4. 조업 기준 / 4.4 주상 탈규 작업 용어 / 가. 탈규작업: 고로 용선을 재강으로 이동하기 전에 용선중의 [Si] 함량 저하를 위해 주상 탕도에서 탈규용 고체산소원 (분소결광, Mill-Scale 등)을 투입하여 [Si]을 저하시키는 작업이다.나. TIM (상부 압사식 탈규방법: Top Injection Method): Mill Scale 등의 미립 탈규제를 용선중에 압사하여 탈규하는 방법다. SFM (자연낙하식 탈규방법: Soft Feeding Method): 분소결광 등 입자가 굵은 탈규제를 B/C 등을 이용하여 용선 중에 자연낙하시켜 탈규하는 방법라. 가규제: 외판 주물선 제조시 용선중의 [Si] 성분을 규격 범위내로 상승시키기 위해 투입하는 Fe-Si 등의 합금철을 말한다.] ## 4.4 주상 탈규 작업 용어

### 가. 탈규작업: 고로 용선을 재강으로 이동하기 전에 용선중의 [Si] 함량 저하를 위해 주상 탕도에서 탈규용 고체산소원 (분소결광, Mill-Scale 등)을 투입하여 [Si]을 저하시키는 작업이다.나. TIM (상부 압사식 탈규방법: Top Injection Method): Mill Scale 등의 미립 탈규제를 용선중에 압사하여 탈규하는 방법다. SFM (자연낙하식 탈규방법: Soft Feeding Method): 분소결광 등 입자가 굵은 탈규제를 B/C 등을 이용하여 용선 중에 자연낙하시켜 탈규하는 방법라. 가규제: 외판 주물선 제조시 용선중의 [Si] 성분을 규격 범위내로 상승시키기 위해 투입하는 Fe-Si 등의 합금철을 말한다.

[3] type=text | file=texts_final.json | score=0.4834
[문서: [Mn] [P] 제어기술 기준] [경로: 2. 목적] # 2. 목적
● 용선중 [Mn]은 제강공정에서 강종별 최소량의 Mn 규격이 있으므로 고로에서부터 성분규격을 설정하여 관리해야 한다.
● 용선중 [P]는 고급강(저린강, 극저린강) 제조시 극소량까지 제어해야 하므로 고로에서부터 성분을 관리하여 제강 예비처리공정의 효율이 상승할 수 있도록 관리해야 한다.

[4] type=text | file=texts_final.json | score=0.4817
[문서: 용선 및 외판 주물선 요구품질 기준] [경로: 6. 기술이론(용선 및 외판 주물선의 품질영향) / 6.1 용선품질의 영향 / 다. [Mn]] 나 고객의 요구가 다양화되고 고급정정강의 수요가 증가한 최근에는 전로 취련작업시 반드시 제거해야 할 불순물이다. 고급강은 기본적으로 [S]나 [P]성분등이 낮은 강종으로서 이를 원소를 제거하기 위해서는 산소와의 친화력이 높은 [Si]부터 제거해야 한다.

{{TB_STR_002}}

### 나. [S]
노내에 장입되는 S의 대부분이 Coke 로부터 들어오며, 철광석의 환원, 용융으로 용선이 Slag 층을 통과할 때나 탕류부의 Slag-Metal 간 접촉, 계면반응으로 Slag 속에 있던 S가 용선중으로 소량이행되며 장입된 S의 70~90%가 Slag 속에 흡수되어 배출된다.

{{TB_STR_003}}

### 다. [Mn]
MnO₂, Mn₂O₃, Mn₃O₄, MnO의 형태로 노내에 장입되어 Shaft 부에서 CO에 의해 MnO까지 환원된후 하부의 고온부에서 C에 의해 Mn으로 환원된다.

[5] type=text | file=texts_final.json | score=0.4710
[문서: 노저 출선작업 기술기준] [경로: 2. 목적] # 2. 목적
● 주수냉각시 수성 Gas 발생에 의한 폭발방지
● 노저발파 작업물량 최소화"
"출선시, 두대의 TLC(Torperdo laddle Car)쪽으로 대탕도(runner)가 하나 있는데, 만약 한쪽의 TLC에 용선이 가득차면, 다른 쪽의 TLC에 어떻게 용선을 채울 수 있습니까?",컨텍스트에서 제공된 정보만으로는 TLC(Torpedo laddle Car) 한쪽이 가득 찼을 때 다른 쪽 TLC로 용선을 이동하는 방법에 대한 구체적인 내용을 찾을 수 없습니다. 따라서 모릅니다. 추가적인 기술적 지침이나 절차가 있을 것으로 추정됩니다.,"[1] type=table_str | file=tables_str_final.json | score=0.4905
[문서: 노저 출선작업 기술기준] [경로: 4. 조업기준 / 4.1 노저 출선계획 / 4.1.4 노저출선 개공위치 선정 및 잔선수선 방법 / 나. 잔선 수선방법 (예:포항 3고로)] 구분: Ladle 수선 | 장 단 점: 용선처리가 용이노저출선→Ladle 수선→타고로차입(Mixing)→제강이송임시출선구 및 탕도설치를 위한 사전작업이 필요고로노저 구조상 Ladle 수선을 위해서는 탕도거리가 너무 길고 경사각이 적어 탕도내의 용용물 응고 가능성이 높아 Over Flow 에 의한 대형사고 위험성이 높음 | 비 고: P2R1P3R1 적용

[2] type=table_str | file=tables_str_final.json | score=0.4687
[문서: 노저 출선작업 기술기준] [경로: 4. 조업기준 / 4.1 노저 출선계획 / 4.1.4 노저출선 개공위치 선정 및 잔선수선 방법 / 나. 잔선 수선방법 (예:포항 3고로)] ['구분: Ladle 수선 | 장 단 점: 용선처리가 용이노저출선→Ladle 수선→타고로차입(Mixing)→제강이송임시출선구 및 탕도설치를 위한 사전작업이 필요고로노저 구조상 Ladle 수선을 위해서는 탕도거리가 너무 길고 경사각이 적어 탕도내의 용용물 응고 가능성이 높아 Over Flow 에 의한 대형사고 위험성이 높음 | 비 고: P2R1P3R1 적용', '구분: D/P 수선 | 장 단 점: 임시출선구 및 탕도설치를 위한 사전작업이 필요Dry-Pit 에 수선하므로 우천시 대비가 필요노저 임시출선구 방향이 제한작업부하 및 사고발생등을 고려할 때 Ladle 수선보다 유리함용선처리노저출선→Dry-Pit 수선→파쇄→형선으로 사용 | 비 고: P1R1P1R2P4R1 적용', '구분: 노저 발파 | 장 단 점: 사전작업에 의한 설비휴지 불필요정확한 침식 Line 추정공란에 따른 문제점 없음발파 기술상의 문제점해체 공정상의 경제적, 시간적 유, 불리에 대해 불명확 | 비 고: 노저발파를 행한고로는 주로 개수후Stand-By 나 폐쇄고로를 대상으로실시하였음(日本)']

[3] type=table_str | file=tables_str_final.json | score=0.4478
[문서: 미분탄 취입 용어의 기준] [경로: 4. 조업기준 / 4.2 “미분탄 취입시 조업문제점 및 대책”관련 용어] ['용어: ○ 야드입조 | 영문 표기: - | 정의: -소결광 및 Coke를 고로에 장입할 때 설비 Trouble 또는 비정상적인 원인에 의해 고로까지 직접 운송되지 못할 경우 Yard에 적치되어 있는 것을 고로에 입조하는 것을 말함 | 비고: ', '용어: ○ 취입단관 | 영문 표기: Lance | 정의: -미분탄을 고로에 취입시키기 위해 풍구 선단에 설치되어 있는 Pipe | 비고: ']

[4] type=text | file=texts_final.json | score=0.4347
[문서: 장입물 충진작업 기준] [경로: 4. 조업기준 / 4.2 충진용 장입물 설정기준 / 4.2.3 Coke] ### 4.2.3 Coke
● 화입후 조탕시까지는 노내 승열이 완료되지 않기 때문에 생성된 용선과 Slag 는 부분적으로 열부족 및 성분편석에 의해 유동성이 악화될 우려가 있으므로 Slag 배출을 용이하게 하기 위해서는 Coke 입도가 커야 한다.
● Bed Coke 는 노심 Coke 로 남아 향후 조염에 큰 영향을 미친다고 고려되기 때문에 강도 및 입도가 커야 한다.
● Coke 입도 확보를 위해 총진시에는 Coke Screen 하단을 취외하고 사용한다.

[5] type=table_str | file=tables_str_final.json | score=0.4339
[문서: 미분탄 취입 용어의 기준] [경로: 4. 조업기준 / 4.2 “미분탄 취입시 조업문제점 및 대책”관련 용어] 용어: ○ 취입단관 | 영문 표기: Lance | 정의: -미분탄을 고로에 취입시키기 위해 풍구 선단에 설치되어 있는 Pipe | 비고:"
"휴풍이나, 감풍시 Penstock cover를 사용해서 풍구를 감시하는 이유는 무엇입니까?",提供的上下文信息中没有直接提到Penstock cover在休风或感风时用于监测风口的具体原因。因此，根据现有资料我无法回答这个问题。,"[1] type=text | file=texts_final.json | score=0.5043
[문서: 감척,종풍 조업기술 기준] [경로: 4. 조업 기준 / 4.1 조업관리 기준 / 4.1.2 사전휴풍 작업 / 가. 사전휴풍작업의 목적] ### 4.1.2 사전휴풍 작업

#### 가. 사전휴풍작업의 목적
사전휴풍은 본감척조업중에 발생할 수 있는 노내침수에 대한 가능성을 사전에 방지하기 위하여 냉각반, 풍구 등 침수관련 설비의 안전성 확인을 위하여 실시한다. 감척조업시 감척조업을 대비하기 위한 별도의 휴풍이며, 사전에 모든 작업이 완료시는 생략할 수 있다.

[2] type=text | file=texts_final.json | score=0.5033
[문서: 노벽보수시 감광 및 감척기준] [경로: 4. 조업기준 / 4.2 감척조업 / 4.2.2 사전 휴풍작업 / 가. 사전 휴풍은 본감척 조업중 발생할수 있는 노내 침수에 대한 가능성을 사전에 방지하기 위하여 냉각반, 풍구 등 침수 관련 설비의 안정성 확인을 위하여 실시한다] ### 4.2.2 사전 휴풍작업

#### 가. 사전 휴풍은 본감척 조업중 발생할수 있는 노내 침수에 대한 가능성을 사전에 방지하기 위하여 냉각반, 풍구 등 침수 관련 설비의 안정성 확인을 위하여 실시한다

[3] type=text | file=texts_final.json | score=0.4452
[문서: 감척,종풍 조업기술 기준] [경로: 4. 조업 기준 / 4.1 조업관리 기준 / 4.1.2 사전휴풍 작업 / 나. 사전휴풍 기준] #### 나. 사전휴풍 기준
사전휴풍 시간은 작업량에 따라서 결정 되어지며 휴풍기준에 의거하여 열보상을 실시한다.

또한, 강척조업을 대비한 노체점검을 위하여 Stock Level 을 5~10m 저하시킨다.

[4] type=text | file=texts_final.json | score=0.4244
[문서: 열풍로 조업관리 기준] [경로: 6. 기술이론 / 6.5 열풍로 비상작업 / 6.5.2 전정시 비상작업] ### 6.5.2 전정시 비상작업
공장정전인지,전정전인지 확인한다,

공장정전인 경우 송풍기는 기동되고 있으므로 후속조치를 취하면되나 전정전인 경우, 송풍기가

정지되므로 바로 휴풍을 해야하기 때문이다.

[5] type=text | file=texts_final.json | score=0.4212
[문서: 열풍로 조업관리 기준] [경로: 6. 기술이론 / 6.5 열풍로 비상작업 / 6.5.2 전정시 비상작업 / 6.5.2.2 전정전 / 아. 복전이 되면 Back Draft 를 실시한다] ##### 마. 비상발전기 기동을 확인한다.

##### 바. 열풍변을 Close 한다(M/R 비상 Air Cock 로 Close 한다)

##### 사. 연소로를 휴지 한다

##### 아. 복전이 되면 Back Draft 를 실시한다"
"휴풍이나, 감풍시 Coke Ratio를 증가시키는(감광하는)이유는 무엇입니까?","컨텍스트에서 직접적인 답변은 나오지 않았지만, 일반적인 제철 공정 지식에 근거하면, 휴풍이나 감풍 시 Coke Ratio를 증가시키는 이유는 노내 반응성을 유지하고, 철광석의 완전한 환원과 배출을 보장하기 위함입니다. 이로 인해 노내의 통기성과 용선 및 슬래그의 풍액성이 개선되며, 고로 하부에서 Coke의 풍질이 중요하게 작용합니다.","[1] type=text | file=texts_final.json | score=0.5490
[문서: 감척,종풍 조업기술 기준] [경로: 6. 기술 이론 (감척시 장입물량 및 Gas 폭발 범위의 이론적 계산) / 6.1 감척시 장입물량의 결정 (예:P3R2) / 6.1.3 종풍용 Coke 량의 결정 / ▷ 타고로 종풍용 Coke 장입실적] ### 6.1.3 종풍용 Coke 량의 결정

#### 가. 종풍용 Coke 장입목적
종풍 완료시점에서 노내의 모든 철광석은 물론 탈락된 노벽 부착물 등을 완전 배출시킬 목적으로 최종 장입분을 COKE로 하여 노내에 Coke 만 남게 할 목적으로 장입한다. 공연소 시키는 Coke(30 Ton)와 연소 후에도 풍구상부 +2.0m 지점까지 남아있는 감척용 Coke를 장입한다

#### ▷ 타고로 종풍용 Coke 장입실적

{{TB_STR_003}}

[2] type=text | file=texts_final.json | score=0.5375
[문서: 미분탄 취입시 조업기준] [경로: 4. 조업 기준 / 4.2 예방판단 및 조치기준 / 가. O/C 증대에 따른 통기성 영향 최소화를 위한- 소결광 RDI(환원분화지수) 개선- Coke 중심장입에 의한 Gas류 분포 안정화나. O/C 증대시 중심류 확보를 위해- 소결광 입도별 장입실시(주변부 세립화)- 종괴 Coke 와 Ore Large 혼합에 의한 중간류 확보- Soft 장입에 의한 중심부 원주 Balance 개선다. 용착대 통기저항 방지를 위해- 용착대 폭 감소를 위한 소결광 및 Pellet 성분조정라. 노심 Coke 통기저항 해소를 위해- Coke 중심장입으로 건전한 Coke 중심부 공급- 중심부 O/C 저하로 Eco 조정, 건전 Coke 반응량 감소 유도마. Raceway 의 통기영향의 대책으로- Coke 강도 증대] ## 4.2 예방판단 및 조치기준

### 가. O/C 증대에 따른 통기성 영향 최소화를 위한- 소결광 RDI(환원분화지수) 개선- Coke 중심장입에 의한 Gas류 분포 안정화나. O/C 증대시 중심류 확보를 위해- 소결광 입도별 장입실시(주변부 세립화)- 종괴 Coke 와 Ore Large 혼합에 의한 중간류 확보- Soft 장입에 의한 중심부 원주 Balance 개선다. 용착대 통기저항 방지를 위해- 용착대 폭 감소를 위한 소결광 및 Pellet 성분조정라. 노심 Coke 통기저항 해소를 위해- Coke 중심장입으로 건전한 Coke 중심부 공급- 중심부 O/C 저하로 Eco 조정, 건전 Coke 반응량 감소 유도마. Raceway 의 통기영향의 대책으로- Coke 강도 증대

[3] type=text | file=texts_final.json | score=0.5337
[문서: 노심 불활성화시 조치기준] [경로: 6. 기술이론 / 6.2 타사 노심불활성 판단 및 조치실적 / 6.2.2 독일 TKS(Thyssen Krupp Stahl) Shwelgern 고로 노심활성화 연구내용 / 나. 고로하부에서 Coke 풍질의 중요성] ※ 풍구로 Laser 를 이용한 측정결과와 비슷한 결과 도출

{{IMG_TR_006}}
####
● Coke CSR 증가에 따라 CRI(Coke Reactivity Index-반응성지수)는 감소하고, 풍구 Level 에서의 6.3mm 이하 미분 Coke 비율 또한 감소한다.
● 특히 변이구역(Raceway~Deadman 사이구역)에서의 미분 Coke 분율 증가폭이 두드러짐. → 통기성 및 용선, Slag 의 풍액성 개선효과

#### 나. 고로하부에서 Coke 풍질의 중요성
용착대에서의 용선 및 Slag 거동 및 Gas 통기성은 Belly, Bosh, Hearth 부에서의 여러요소중 Coke 풍질에 의해서 크게 영향을 받는다.

[4] type=text | file=texts_final.json | score=0.5242
[문서: 감척,종풍 조업기술 기준] [경로: 6. 기술 이론 (감척시 장입물량 및 Gas 폭발 범위의 이론적 계산) / 6.1 감척시 장입물량의 결정 (예:P3R2) / 6.1.4 소요풍량 검토 (예:P3R2)] ### 6.1.4 소요풍량 검토 (예:P3R2)
● Coke 연소속도 : 2,390Nm³ (O/C 3.0 에서의 조업실적 : P4R1 실적) 4,743Nm³ (이론식: 공연소 Coke 연소속도, 포항 3고로 Gas 조성)
● 노내 Coke 량 (O/C 3.0: S.L 4 ~ 21.2m [Coke 안식각 30°적용]) 3,126m³ ÷ 96.9m³/Ch(1Charge 당 노내 장입물 부피) × 30Ton/Ch(Coke base) = 971 Ton
● 공연소 Coke 량: 100 Ton 종풍용 Coke 장입량중 감척용 Coke 100Ton(S.L 21.2~26.2m)을 제외한 잔량
  ● 종풍용 Coke 장입량중 감척용 Coke 100Ton(S.L 21.2~26.2m)을 제외한 잔량
● 총 소요풍량: (971 × 2,390) + (100 × 4,734) = 2,794,990Nm³

[5] type=text | file=texts_final.json | score=0.5207
[문서: 고로사용 연료(Coke,Coal)의 기준] [경로: 4. 조업기준 / 4.2. 고로에서 요구되는 Coke의 특징 / 4.2.1 회분이 적을 것] ### 4.2.1 회분이 적을 것
Coke 중 회분이 많으면 상대적으로 고정탄소가 적게되어 Coke의 발열량이 저하한다."
"출선시, 슬라그와 용선이 분리되는 원리는 무엇입니까?","슬라그와 용선이 분리되는 원리는 제공된 컨텍스트에서 명확하게 설명되지 않았습니다. 다만, 슬라그 분리 시간은 출선구 개공 후 용용물 배출 시점부터 슬라그가 대탕도에서 용선과 분리되어 슬라그 탕도로 흐르기 시작하는 시점을 기준으로 측정됩니다. 하지만 이는 분리 과정의 결과일 뿐, 그 원리를 설명하지는 않습니다. 따라서 해당 질문에 대한 명확한 답변은 제공할 수 없습니다.","[1] type=table_str | file=tables_str_final.json | score=0.5372
[문서: 고로일반 용어의 기준] [경로: 4. 조업 기준 / 4.2 노전작업] 용어: ㅇ Slag 분리시간 | 단위: min | 정의: - 출선구 개공 후 용용물이 배출되는 시점부터 Slag 가 대탕도에서 용선과 분리되어 Slag 탕도로 흐르기 시작하는 시점까지의 시간 | 비고:

[2] type=image_formula | file=images_formula_final.json | score=0.4879
[문서: 고출선비 조업시 출선,재 관리 기준] [경로: 4. 조업기준 / 4.2 출선재 배출 강화 대책 / 나. Lap 출선 기준] SLAG Discharging Ratio = [(a')/((b' - c'))] ≥ 1.0

[3] type=text | file=texts_final.json | score=0.4817
[문서: 노심 불활성화시 조치기준] [경로: 4. 조업기준 / 4.3 Semi-Cleaning 완료판단 기준] ## 4.3 Semi-Cleaning 완료판단 기준
출선구별 용선온도 편차 발생현상 해소 (± 15°C) 또는 SLAG 분리가 지연된 출선구의 SLAG 분리 시간이 10 분이내로 개선 및 용융물 배출현상 정상궤도진입 판단시

[4] type=text | file=texts_final.json | score=0.4748
[문서: 저선Level 제어 및 출선작업 기준] [경로: 4. 조업 기준 / 4.1 조업관리 기준 / 4.1.2 용선 및 Slag 생성 속도 / 나. 용선 배출 속도] ### 4.1.2 용선 및 Slag 생성 속도

#### 가. 용선 생성 속도(T-P/분)
장입 계산에 의한 Charge 당 용선 생산량(T-P/Charge) X Charge 수/분

#### 나. 용선 배출 속도
출선 Speed 의 합(전 출선구)

[5] type=text | file=texts_final.json | score=0.4634
[문서: Slag 염기도 및 유동성 관리기준] [경로: 2. 목적] # 2. 목적
SLAG는 철광석이 융융되거나 COKE의 연소후 생성되는 맥석들의 용용물로서 용선과 거의 동일한 시점에 융융되고 배출되기 때문에 용선성분 및 고로 노황에 SLAG성상이 미치는 영향은 대단히 크다. 따라서 SLAG 성상중 가장 중요한 염기도 및 유동성의 제어기술에 대한 이해가 필요하다."
정수시 C/S(염기도)를 낮게 관리하는 이유는 무엇입니까?,"컨텍스트에 따르면 정수시 C/S(염기도)를 낮게 관리하는 이유는 C/S 비율이 증가함에 따라 용용물의 유동성 저하와 점도 상승을 초래할 수 있기 때문입니다. 특히, C/S ≥ 1.31일 때 장입 계산으로 염기도를 낮추어 용용물의 유동성을 개선합니다.","[1] type=text | file=texts_final.json | score=0.4815
[문서: Slag 염기도 및 유동성 관리기준] [경로: 5. 이상판단 및 조치기준 / 나. 용선중 [S]가 평상치(0.015~0.020 %)보다 상승시는 염기도를 1.20 이상으로 상향 조정한다.] # 5. 이상판단 및 조치기준

## 가. 노내 용용물(용선+SLAG)의 유동성 불량시는 SLAG 염기도, Al2O3 함량을 확인하고, C/S ≥ 1.31 이면 장입계산으로 염기도를 낮추고, Al₂O₃ ≥ 16.1 %인 경우는 소결공장에 Al₂O₃ 량을 낮추어 줄 것을 요청한다.

## 나. 용선중 [S]가 평상치(0.015~0.020 %)보다 상승시는 염기도를 1.20 이상으로 상향 조정한다.

[2] type=image_sum | file=images_sum_final.json | score=0.4708
[문서: Slag 염기도 및 유동성 관리기준] [경로: 6. 기술이론 / 6.4 SLAG 의 유동성 / 6.4.7 Slag 성분에 따른 염기도 상한 관리기준] No Description

[3] type=image_sum | file=images_sum_final.json | score=0.4708
[문서: Slag 염기도 및 유동성 관리기준] [경로: 6. 기술이론 / 6.4 SLAG 의 유동성 / 6.4.7 Slag 성분에 따른 염기도 상한 관리기준] No Description

[4] type=table_str | file=tables_str_final.json | score=0.4548
[문서: Slag 염기도 및 유동성 관리기준] [경로: 6. 기술이론 / 6.4 SLAG 의 유동성 / 6.4.8 Slag 성분과 점도의 관계] ['각 열별로 측정 값과 비율(C/S)이 증가함.', 'C/S는 0.71에서 최대 1.40까지 상승하며, 이는 연관성이 높음을 나타냅니다.']

[5] type=table_str | file=tables_str_final.json | score=0.4548
[문서: Slag 염기도 및 유동성 관리기준] [경로: 6. 기술이론 / 6.4 SLAG 의 유동성 / 6.4.8 Slag 성분과 점도의 관계] ['각 열별로 측정 값과 비율(C/S)이 증가함.', 'C/S는 0.71에서 최대 1.40까지 상승하며, 이는 연관성이 높음을 나타냅니다.']"
용선 온도가 높으면 대체적으로 [Si]가 높아지는 이유는 무엇입니까?,"컨텍스트에 따르면, 용선 온도가 높아질 때 MnO의 환원이 잘 일어나게 되는데, 이 과정에서 Si의 환원 역시 촉진되어 [Si] 함량이 증가하게 됩니다. 따라서 용선 온도 상승은 대체적으로 [Si]의 농도를 높이는 경향을 보입니다.","[1] type=text | file=texts_final.json | score=0.6026
[문서: [Mn] [P] 제어기술 기준] [경로: 4. 조업 기준 / 4.2 노내에서의 Mn 반응 / 4.2.1 Mn 의 환원] 따라서, 이경우 용선의 Si 함량 √([Si])의 상승은 [Mn]의 증대와 (Mn)의 저하를 일으킨다.

그림 1과 2에서는 [Mn]/(MnO)와 용선온도의 관계를 나타낸다.

즉 온도가 높을 때 MnO의 환원이 잘 일어나고 있다.

즉 용선온도의 상승에 의해 용선중 [Si]의 상승을 초래하고

용선중 [Mn]도 상승한다. 그림 3에서는

[Mn]/(MnO)와 C/S의

관계를 나타낸다. 실 고로에서는 거의 MnO의 환원은 풍형에

달해 있다고 생각해도 좋다.

{{IMG_TR_001}}
그림 1. MnO 환원에 대한 용선온도의 영향

{{IMG_TR_002}}
그림 2. MnO 환원에 대한 용선온도의 영향(2)

{{IMG_TR_003}}
그림 3. MnO 환원에 대한 염기도의 영향

[2] type=table_str | file=tables_str_final.json | score=0.5986
[문서: 용선 및 외판 주물선 요구품질 기준] [경로: 6. 기술이론(용선 및 외판 주물선의 품질영향) / 6.1 용선품질의 영향 / 가. [Si]] ['col1: ● [Si]상승시 고로조업 영향 | col2: -용융물의 유동성 불량으로 풍액성상승의 원인이 된다.-[Si]환원시 열량이 필요하므로 고로 연료비가 상승된다.-주상탈규작업을 할 경우 탈규제 소비량이 많아지고, Ladle 내 Slag 발생량 증가로 수선량이 감소하게 된다.', 'col1: ● [Si]상승시 제강조업 영향 | col2: -예비처리공정에서 [Si]를 제거하기 위한 탈규제 소모량 증가 및 공정이 지연된다.-[Si] 제거를 위한 탈규시의 산화된 SiO₂로 인해, Slag 발생량이 증가하고, CaO 등 부원료 사용량이 증가한다.-배재시간이 늘어나 공정이 지연되고 폐기를 처리비용이 증가하며, 출강 실수율이 저하한다.', 'col1: ● 고로조업의 Point | col2: -고[Si] 용선이 생산되면 최근에는 고로 주상에서 고체산소원인 분소결광, Mill-Scale 등을 용선중에 투입하여 탈규를 실시하 sk, 무엇보다도 중요한 것은 노내에서 배출되는 용선의 [Si] 성분을 낮추고 성분편차([Si] Σ)가 크지 않도록 고로조업을 관리해야 한다.']

[3] type=table_str | file=tables_str_final.json | score=0.5897
[문서: 용선 및 외판 주물선 요구품질 기준] [경로: 6. 기술이론(용선 및 외판 주물선의 품질영향) / 6.1 용선품질의 영향 / 가. [Si]] col1: ● [Si]상승시 고로조업 영향 | col2: -용융물의 유동성 불량으로 풍액성상승의 원인이 된다.-[Si]환원시 열량이 필요하므로 고로 연료비가 상승된다.-주상탈규작업을 할 경우 탈규제 소비량이 많아지고, Ladle 내 Slag 발생량 증가로 수선량이 감소하게 된다.

[4] type=table_str | file=tables_str_final.json | score=0.5867
[문서: 용선 및 외판 주물선 요구품질 기준] [경로: 6. 기술이론(용선 및 외판 주물선의 품질영향) / 6.2 외판주물선의 품질영향] 성분: Si | 기계적 성질에 미치는 영향: Si가 높으면 단접성과 냉간가공성을 해침 | 비고:

[5] type=text | file=texts_final.json | score=0.5859
[문서: 용선 및 외판 주물선 요구품질 기준] [경로: 6. 기술이론(용선 및 외판 주물선의 품질영향) / 6.1 용선품질의 영향 / 가. [Si]] ## 6.1 용선품질의 영향

### 가. [Si]
용선중 Si (이하 [Si])는 철광석이나 Coke Ash 중의 SiO₂ 성분이 노내에서 환원되어 용선중에 함유된 것으로 노내에서는 Slag-Metal 간 반응이나 Gas-Metal 간 반응으로 환원된다.

{{IMG_SUM_001}}
[Si]은 용선량이 적어 전로 HMR(용선 사용비)이 낮을때는 전로내에서 열원으로 작용할 수도 있으"
용선 온도가 높으면 대체적으로 [S]가 낮아지는 이유는 무엇입니까?,컨텍스트에서 직접적으로 용선 온도가 높아지면 [S]가 낮아지는 이유에 대한 정보는 제공되지 않았습니다. 따라서 이를 설명하기 위한 근거를 찾을 수 없습니다. 모릅니다.,"[1] type=table_str | file=tables_str_final.json | score=0.5679
[문서: 용선 및 외판 주물선 요구품질 기준] [경로: 6. 기술이론(용선 및 외판 주물선의 품질영향) / 6.1 용선품질의 영향 / 나. [S]] col1: ● 용선중 [S]가 상승되는 경우 | col2: -Coke 나 철광석중으로 부터의 입상[S]가 증가할 경우이다-노열이 낮거나 Slag 염기도가 극히 낮아 노내 탈황능력이 저하된 경우이다.-Slag Volume이 적어 Slag와 함께 배출되는 S가 적을경우 용선중[S]가 상승한다.*탈황반응 : FeS + CaO + C → Fe + CaS + CO

[2] type=text | file=texts_final.json | score=0.5651
[문서: [Mn] [P] 제어기술 기준] [경로: 4. 조업 기준 / 4.2 노내에서의 Mn 반응 / 4.2.1 Mn 의 환원] 따라서, 이경우 용선의 Si 함량 √([Si])의 상승은 [Mn]의 증대와 (Mn)의 저하를 일으킨다.

그림 1과 2에서는 [Mn]/(MnO)와 용선온도의 관계를 나타낸다.

즉 온도가 높을 때 MnO의 환원이 잘 일어나고 있다.

즉 용선온도의 상승에 의해 용선중 [Si]의 상승을 초래하고

용선중 [Mn]도 상승한다. 그림 3에서는

[Mn]/(MnO)와 C/S의

관계를 나타낸다. 실 고로에서는 거의 MnO의 환원은 풍형에

달해 있다고 생각해도 좋다.

{{IMG_TR_001}}
그림 1. MnO 환원에 대한 용선온도의 영향

{{IMG_TR_002}}
그림 2. MnO 환원에 대한 용선온도의 영향(2)

{{IMG_TR_003}}
그림 3. MnO 환원에 대한 염기도의 영향

[3] type=table_str | file=tables_str_final.json | score=0.5430
[문서: 용선 및 외판 주물선 요구품질 기준] [경로: 6. 기술이론(용선 및 외판 주물선의 품질영향) / 6.1 용선품질의 영향 / 나. [S]] ['col1: ● 용선중 [S]가 상승되는 경우 | col2: -Coke 나 철광석중으로 부터의 입상[S]가 증가할 경우이다-노열이 낮거나 Slag 염기도가 극히 낮아 노내 탈황능력이 저하된 경우이다.-Slag Volume이 적어 Slag와 함께 배출되는 S가 적을경우 용선중[S]가 상승한다.*탈황반응 : FeS + CaO + C → Fe + CaS + CO', 'col1: ● 제강조업에 미치는 [S]의 영향 | col2: -제강과정에서 FeS 부유물이 발생한다.-제품후 적열취성을 일으킴으로 제강과정에서 반드시 제거해야 한다.-탈황제(CaO, CaC₂ 등) 소요량이 증가하고 처리시간이 지연되며 출강실수율 저하등 제강조업 효율을 저하시킨다.']

[4] type=table_str | file=tables_str_final.json | score=0.5313
[문서: 용선 및 외판 주물선 요구품질 기준] [경로: 6. 기술이론(용선 및 외판 주물선의 품질영향) / 6.2 외판주물선의 품질영향] 성분: P | 기계적 성질에 미치는 영향: 냉간취성의 원인이며, 충격값을 저하시킨다. | 비고:

[5] type=table_str | file=tables_str_final.json | score=0.5312
[문서: 용선 및 외판 주물선 요구품질 기준] [경로: 6. 기술이론(용선 및 외판 주물선의 품질영향) / 6.2 외판주물선의 품질영향] ['성분: C | 기계적 성질에 미치는 영향: C가 높으면 경도는 상승하나 인성감소, 취성증가 | 비고: ', '성분: Si | 기계적 성질에 미치는 영향: Si가 높으면 단접성과 냉간가공성을 해침 | 비고: ', '성분: Mn | 기계적 성질에 미치는 영향: Mn은 소입성 증가, 인성을 개선하는 효과 있지만높을 경우 냉간가공성을 해친다. | 비고: ', '성분: P | 기계적 성질에 미치는 영향: 냉간취성의 원인이며, 충격값을 저하시킨다. | 비고: ', '성분: Ti | 기계적 성질에 미치는 영향: 적열취성의 원인단접성을 해치나, 내식성을 개선하는 효과도 있다 | 비고: ']"
"슬라그 점도가 증가하면, 즉 슬라그 유동도가 좋지 않으면 용선 중 [S]가 상승하는 이유는 무엇입니까? ",슬라그 점도가 증가하면 슬라그의 유동성은 저하되어 탈황 반응이 원활하게 이루어지지 못합니다. 따라서 노내에서 황을 제거하는 효율이 낮아져 용선 중 [S]가 상승하게 됩니다. 이는 컨텍스트에 따르면 슬라그의 염기도가 낮아 탈황능력이 저하되는 경우와 일치합니다.,"[1] type=table_str | file=tables_str_final.json | score=0.6579
[문서: 용선 및 외판 주물선 요구품질 기준] [경로: 6. 기술이론(용선 및 외판 주물선의 품질영향) / 6.1 용선품질의 영향 / 나. [S]] col1: ● 용선중 [S]가 상승되는 경우 | col2: -Coke 나 철광석중으로 부터의 입상[S]가 증가할 경우이다-노열이 낮거나 Slag 염기도가 극히 낮아 노내 탈황능력이 저하된 경우이다.-Slag Volume이 적어 Slag와 함께 배출되는 S가 적을경우 용선중[S]가 상승한다.*탈황반응 : FeS + CaO + C → Fe + CaS + CO

[2] type=table_str | file=tables_str_final.json | score=0.6110
[문서: 용선 및 외판 주물선 요구품질 기준] [경로: 6. 기술이론(용선 및 외판 주물선의 품질영향) / 6.1 용선품질의 영향 / 나. [S]] ['col1: ● 용선중 [S]가 상승되는 경우 | col2: -Coke 나 철광석중으로 부터의 입상[S]가 증가할 경우이다-노열이 낮거나 Slag 염기도가 극히 낮아 노내 탈황능력이 저하된 경우이다.-Slag Volume이 적어 Slag와 함께 배출되는 S가 적을경우 용선중[S]가 상승한다.*탈황반응 : FeS + CaO + C → Fe + CaS + CO', 'col1: ● 제강조업에 미치는 [S]의 영향 | col2: -제강과정에서 FeS 부유물이 발생한다.-제품후 적열취성을 일으킴으로 제강과정에서 반드시 제거해야 한다.-탈황제(CaO, CaC₂ 등) 소요량이 증가하고 처리시간이 지연되며 출강실수율 저하등 제강조업 효율을 저하시킨다.']

[3] type=text | file=texts_final.json | score=0.6059
[문서: Slag Volume 관리 기술기준] [경로: 6 기술이론 / 6.1 SLAG VOLUME 의 영향 / 가. 고로 노저에서 용용물(용선,Slag)의 배출이 불충분해서 노저에 용용물이 충만한 경우, 승풍압력이 상승하여 장입물 강하 속도가 저하하고, Slip 이 발생한다.] {{IMG_TR_001}}
그림1. 노저 용선, Slag의 Level 변화

(b)와 같은 경우 출선구에서는 가스가 유출되고, 출선을 종시할 경우 실제로는 패 용용물이 출선구 Level 보다 상부에 잔류하게 됨.

川鐵技研에서는 다음과 같은 가정을 설정해서, 노저 Slag의 흐름을 단순화하고, 실제 조업에서 노저 잔류 저선재 Level을 추정.

1. 노저에는 출재 개시시에 코크스층이 출선구에서 존재하여 Slag는 이 코크스층을 통하여 출선구로 이동.
2. 출선 개시시에 Slag Level은 수평임.
3. 용선의 動粘度는 Slag의 動粘度의 약 1/150이고, 용선의 유출속도도 용재와 거의 같기 때문에, 용선의 Level은 출선중 수평임.
4. 출재속도는 출재중 일정.
5. 노저내는 등온임.
6. 노저내의 코크스는 일정하게 충진되어 있고, 공극율과 입경은 일정.

위의 가정을 통하여 다음 그림과 같은 결론은 얻어냄.

{{IMG_TR_002}}
그림2. Slag층 깊이에 대한 출재량

[4] type=table_str | file=tables_str_final.json | score=0.5994
[문서: 용선 및 외판 주물선 요구품질 기준] [경로: 6. 기술이론(용선 및 외판 주물선의 품질영향) / 6.1 용선품질의 영향 / 가. [Si]] col1: ● [Si]상승시 고로조업 영향 | col2: -용융물의 유동성 불량으로 풍액성상승의 원인이 된다.-[Si]환원시 열량이 필요하므로 고로 연료비가 상승된다.-주상탈규작업을 할 경우 탈규제 소비량이 많아지고, Ladle 내 Slag 발생량 증가로 수선량이 감소하게 된다.

[5] type=table_str | file=tables_str_final.json | score=0.5850
[문서: Slag 염기도 및 유동성 관리기준] [경로: 6. 기술이론 / 6.4 SLAG 의 유동성 / 6.4.8 Slag 성분과 점도의 관계] ['각 열별로 측정 값과 비율(C/S)이 증가함.', 'C/S는 0.71에서 최대 1.40까지 상승하며, 이는 연관성이 높음을 나타냅니다.']"
"용선 중 [s]가 상승하면, 생석회, 석회석, 사문암 장입을 증가시키는데 그 이유는 무엇입니까?","용선 중 [S]가 상승하면 생석회(CaO), 석회석, 사문암의 장입을 증가시키는 이유는 탈황 반응 (FeS + CaO + C → Fe + CaS + CO)에서 CaO가 중요한 역할을 하기 때문입니다. 이들 원료의 추가적인 장입은 노내에서 S를 더 효과적으로 제거하여 용선 중 [S] 농도를 낮추는데 도움이 됩니다.","[1] type=table_str | file=tables_str_final.json | score=0.6299
[문서: 용선 및 외판 주물선 요구품질 기준] [경로: 6. 기술이론(용선 및 외판 주물선의 품질영향) / 6.1 용선품질의 영향 / 나. [S]] col1: ● 용선중 [S]가 상승되는 경우 | col2: -Coke 나 철광석중으로 부터의 입상[S]가 증가할 경우이다-노열이 낮거나 Slag 염기도가 극히 낮아 노내 탈황능력이 저하된 경우이다.-Slag Volume이 적어 Slag와 함께 배출되는 S가 적을경우 용선중[S]가 상승한다.*탈황반응 : FeS + CaO + C → Fe + CaS + CO

[2] type=table_str | file=tables_str_final.json | score=0.6101
[문서: 용선 및 외판 주물선 요구품질 기준] [경로: 6. 기술이론(용선 및 외판 주물선의 품질영향) / 6.1 용선품질의 영향 / 나. [S]] ['col1: ● 용선중 [S]가 상승되는 경우 | col2: -Coke 나 철광석중으로 부터의 입상[S]가 증가할 경우이다-노열이 낮거나 Slag 염기도가 극히 낮아 노내 탈황능력이 저하된 경우이다.-Slag Volume이 적어 Slag와 함께 배출되는 S가 적을경우 용선중[S]가 상승한다.*탈황반응 : FeS + CaO + C → Fe + CaS + CO', 'col1: ● 제강조업에 미치는 [S]의 영향 | col2: -제강과정에서 FeS 부유물이 발생한다.-제품후 적열취성을 일으킴으로 제강과정에서 반드시 제거해야 한다.-탈황제(CaO, CaC₂ 등) 소요량이 증가하고 처리시간이 지연되며 출강실수율 저하등 제강조업 효율을 저하시킨다.']

[3] type=table_str | file=tables_str_final.json | score=0.5608
[문서: 용선 및 외판 주물선 요구품질 기준] [경로: 6. 기술이론(용선 및 외판 주물선의 품질영향) / 6.1 용선품질의 영향 / 가. [Si]] ['col1: ● [Si]상승시 고로조업 영향 | col2: -용융물의 유동성 불량으로 풍액성상승의 원인이 된다.-[Si]환원시 열량이 필요하므로 고로 연료비가 상승된다.-주상탈규작업을 할 경우 탈규제 소비량이 많아지고, Ladle 내 Slag 발생량 증가로 수선량이 감소하게 된다.', 'col1: ● [Si]상승시 제강조업 영향 | col2: -예비처리공정에서 [Si]를 제거하기 위한 탈규제 소모량 증가 및 공정이 지연된다.-[Si] 제거를 위한 탈규시의 산화된 SiO₂로 인해, Slag 발생량이 증가하고, CaO 등 부원료 사용량이 증가한다.-배재시간이 늘어나 공정이 지연되고 폐기를 처리비용이 증가하며, 출강 실수율이 저하한다.', 'col1: ● 고로조업의 Point | col2: -고[Si] 용선이 생산되면 최근에는 고로 주상에서 고체산소원인 분소결광, Mill-Scale 등을 용선중에 투입하여 탈규를 실시하 sk, 무엇보다도 중요한 것은 노내에서 배출되는 용선의 [Si] 성분을 낮추고 성분편차([Si] Σ)가 크지 않도록 고로조업을 관리해야 한다.']

[4] type=text | file=texts_final.json | score=0.5494
[문서: [Mn] [P] 제어기술 기준] [경로: 4. 조업 기준 / 4.2 노내에서의 Mn 반응 / 4.2.1 Mn 의 환원] 따라서, 이경우 용선의 Si 함량 √([Si])의 상승은 [Mn]의 증대와 (Mn)의 저하를 일으킨다.

그림 1과 2에서는 [Mn]/(MnO)와 용선온도의 관계를 나타낸다.

즉 온도가 높을 때 MnO의 환원이 잘 일어나고 있다.

즉 용선온도의 상승에 의해 용선중 [Si]의 상승을 초래하고

용선중 [Mn]도 상승한다. 그림 3에서는

[Mn]/(MnO)와 C/S의

관계를 나타낸다. 실 고로에서는 거의 MnO의 환원은 풍형에

달해 있다고 생각해도 좋다.

{{IMG_TR_001}}
그림 1. MnO 환원에 대한 용선온도의 영향

{{IMG_TR_002}}
그림 2. MnO 환원에 대한 용선온도의 영향(2)

{{IMG_TR_003}}
그림 3. MnO 환원에 대한 염기도의 영향

[5] type=text | file=texts_final.json | score=0.5428
[문서: 용선 및 외판 주물선 요구품질 기준] [경로: 6. 기술이론(용선 및 외판 주물선의 품질영향) / 6.1 용선품질의 영향 / 다. [Mn]] 나 고객의 요구가 다양화되고 고급정정강의 수요가 증가한 최근에는 전로 취련작업시 반드시 제거해야 할 불순물이다. 고급강은 기본적으로 [S]나 [P]성분등이 낮은 강종으로서 이를 원소를 제거하기 위해서는 산소와의 친화력이 높은 [Si]부터 제거해야 한다.

{{TB_STR_002}}

### 나. [S]
노내에 장입되는 S의 대부분이 Coke 로부터 들어오며, 철광석의 환원, 용융으로 용선이 Slag 층을 통과할 때나 탕류부의 Slag-Metal 간 접촉, 계면반응으로 Slag 속에 있던 S가 용선중으로 소량이행되며 장입된 S의 70~90%가 Slag 속에 흡수되어 배출된다.

{{TB_STR_003}}

### 다. [Mn]
MnO₂, Mn₂O₃, Mn₃O₄, MnO의 형태로 노내에 장입되어 Shaft 부에서 CO에 의해 MnO까지 환원된후 하부의 고온부에서 C에 의해 Mn으로 환원된다."
"용선 상부에 물을 뿌리면 폭발하지 않는데, 용선 하부에 물이 있으면 폭발이 일어나는 이유가 무엇입니까?","컨텍스트에서 직접적인 답변은 나오지 않았지만, 고로 내부의 환경과 관련된 정보를 바탕으로 추론해볼 수 있습니다. 용선 하부에 물이 있을 때 폭발이 일어나는 이유는 주로 물이 증기로 변환될 때 발생하는 급격한 압력 상승 때문일 가능성이 큽니다. 고로 내부의 높은 온도에서 물이 접촉하면 즉시 수증기가 되면서 부피가 크게 늘어나고, 이때 만약 적절히 배출되지 못한다면 폭발을 일으킬 수 있습니다. 반면에 상부에서는 물이 증기로 변환되더라도 고로 내부의 구조적 특성과 기체 흐름으로 인해 안전하게 관리될 수 있다는 것입니다. 그러나 이는 추론이며, 정확한 원인은 추가적인 전문 지식이나 실험 결과가 필요합니다.","[1] type=text | file=texts_final.json | score=0.4809
[문서: 장입물 강하 이상시 조치 기준] [경로: 4. 조업기준 / 4.2 장입물 걸림(栅, HANGING) / 나. 큰폭의 봉락작업은 출선판,출재 이후에 실시] ### 4.2.4 봉락시 유의사항

### 가. 고로 및 열풍로 폭발방지 Action 의 필수 수행
A. 봉락작업시에는 노정에 N2 및 Steam 을 투입하여 Gas Holder 및 노정의 개구부로부터의 공기유입이 발생하지 않도록 한다.
B. 송풍압을 저압으로 급격히 저하시키면 대기중의 공기가 흡입되어 고로내 폭발조건이 형성될 가능성에 있기 때문이다.
C. 봉락용 강풍이전에 조습 및 미분탄을 Cut 하여 풍구 앞에서 수소 발생을 줄여야 한다. 풍구 앞에서 발생한 수증기는 봉락시 풍량 ""0"" 가 될 경우 Air 가 있는 환상관,열풍본관, 열풍로로 이동하여 폭발을 일으킬수 있기 때문이다.

### 나. 큰폭의 봉락작업은 출선판,출재 이후에 실시
A. 봉락성공시 장입물의 급격한 강하로 노저 용융물이 풍구로 역류할 가능성이 있기 때문에 충분할 정도의 용융물 배출이 이루어진 후에 실시하되 실시 시기는 가능한 빨리 하는 것이 유리하다.
B. 봉락전에 풍구상태를 점검하여 풍구선에 슬라그가 보일 경우에는 봉락하지 않는다
C. 노열이 낮을 때에는 송풍압 저하를 보통때의 봉락시보다 천천히 저하시킨다. 노열이 낮을 때에는 노상부의 SLAG 의 유동특성이 좋지 않기 때문에 급격한 송풍압 저하는 풍구내로 SLAG 를 역류하게 한다.

[2] type=text | file=texts_final.json | score=0.4401
[문서: 고로 건조계획 기준] [경로: 4. 조업기준 / 4.2 예방판단 및 조치기준 / 4.2.2 目地部에서의 수분에 의한 Bursting 현상예방] ### 4.2.2 目地部에서의 수분에 의한 Bursting 현상예방
Mortar 내 수분은 건조가 실시됨에 따라 기공율이 큰 目地部로 이동하여 급속한 가열에 의해 目地 또는 연와의 수분 증기압력이 통기 가능성보다 높게 되어 연와 또는 目地의 파손이 일어나는 Bursting 현상이 발생할 수 있다. 그러나 연와의 강도는 目地보다 10배정도 되므로 Bursting 현상은 目地部에서 일어난다고 생각된다. 일본 廣畑제철소의 실험결과에 의하면 최근 Mortar 의 강도는 2~3kg/cm² 이상이므로 승온속도를 50°C/Hr, Max 온도를 500°C로 했을 때 수분에 의한 Bursting 현상은 일어나지 않는 것으로 밝혀졌다.

[3] type=text | file=texts_final.json | score=0.4221
[문서: 노체 압입작업 기술 기준] [경로: 6. 기술이론 / 6.1 고로 부위별 내화물 손상요인 / 6.1.3 Bosh 부 / 가. 용선, Alkali 에 의한 침적] ### 6.1.3 Bosh 부

#### 가. 용선, Alkali 에 의한 침적

[4] type=text | file=texts_final.json | score=0.4089
[문서: Slag Volume 관리 기술기준] [경로: 6 기술이론 / 6.1 SLAG VOLUME 의 영향 / 가. 고로 노저에서 용용물(용선,Slag)의 배출이 불충분해서 노저에 용용물이 충만한 경우, 승풍압력이 상승하여 장입물 강하 속도가 저하하고, Slip 이 발생한다.] {{IMG_TR_001}}
그림1. 노저 용선, Slag의 Level 변화

(b)와 같은 경우 출선구에서는 가스가 유출되고, 출선을 종시할 경우 실제로는 패 용용물이 출선구 Level 보다 상부에 잔류하게 됨.

川鐵技研에서는 다음과 같은 가정을 설정해서, 노저 Slag의 흐름을 단순화하고, 실제 조업에서 노저 잔류 저선재 Level을 추정.

1. 노저에는 출재 개시시에 코크스층이 출선구에서 존재하여 Slag는 이 코크스층을 통하여 출선구로 이동.
2. 출선 개시시에 Slag Level은 수평임.
3. 용선의 動粘度는 Slag의 動粘度의 약 1/150이고, 용선의 유출속도도 용재와 거의 같기 때문에, 용선의 Level은 출선중 수평임.
4. 출재속도는 출재중 일정.
5. 노저내는 등온임.
6. 노저내의 코크스는 일정하게 충진되어 있고, 공극율과 입경은 일정.

위의 가정을 통하여 다음 그림과 같은 결론은 얻어냄.

{{IMG_TR_002}}
그림2. Slag층 깊이에 대한 출재량

[5] type=text | file=texts_final.json | score=0.4008
[문서: 노저 출선작업 기술기준] [경로: 2. 목적] # 2. 목적
● 주수냉각시 수성 Gas 발생에 의한 폭발방지
● 노저발파 작업물량 최소화"
고로 조업에서 행잉(Hanging)이 무엇입니까?,"행잉(Hanging)은 고로 조업에서 노내 장입물의 강하가 30분 이상 중지되는 현상을 말합니다. 이는 주로 노내 통기성이 나빠져 상승하는 가스(GAS) 압력이 장입물의 중량을 능가할 때 발생하며, 이를 해결하기 위해 봉락(CHECK) 작업이 필요할 수 있습니다.","[1] type=table_str | file=tables_str_final.json | score=0.6071
[문서: 고로일반 용어의 기준] [경로: 4. 조업 기준 / 4.5 노화관리] 용어: ○ 걸림(Hanging, 棚) | 단위: - | 정의: - 노내 장입물의 강하가 30 분 이상 정지되는 현상 | 비고:

[2] type=text | file=texts_final.json | score=0.5833
[문서: 장입물 강하 이상시 조치 기준] [경로: 4. 조업기준 / 4.2 장입물 걸림(栅, HANGING) / 4.2.1 HANGING의 개념 / 나. 봉락 (CHECK)] ### 4.2.1 HANGING의 개념

#### 가. HANGING :
-노내 통기성이 나쁜 부위의 상승 GAS의 압력이, 그 부분에 걸리는 장입물의 중량보다 클 경우 장입물 강하가 중지되며 이런 현상이 30분 이상 지속되는 경우가 HANGING이다.

HANGING이 걸린 부분의 하부에는 공동이 생기며 HANGING 상태가 길어질 수록 공동은 커지게 되어 봉락작업시 SLIP 폭이 커지게 된다.

-소폭의 감풍을 실시하거나, 실시하지 않아도 장입물이 미끄러져 내려가는 HANGING이 있으나 큰 폭으로 감풍을 하지 않으면 내려가지 않는 HANGING도 있으며, 이 때는 봉락작업(CHECK)을 실시해야 한다.

#### 나. 봉락 (CHECK)
HANGING이 발생했을 경우 송풍압을 급격히 저하시켜 강제로 장입물을 떨어뜨리는 작업이다.

[3] type=text | file=texts_final.json | score=0.5822
[문서: 장입물 강하 이상시 조치 기준] [경로: 4. 조업기준 / 4.2 장입물 걸림(栅, HANGING)] ## 4.2 장입물 걸림(栅, HANGING)

[4] type=table_str | file=tables_str_final.json | score=0.5749
[문서: 장입물 분포제어 용어의 기준] [경로: 4. 조업 기준 / 4.2 장입물 분포제어와 장입모드의 기본사상] 용어: o Hanging (얽힘) | 단위: - | 정의: - 고로내의 Gas 가 안정되게 상부로 빠져나가지 못하여 고로내부에 정체되면서 장입물 강하를 정지시키는 현상 | 비고:

[5] type=table_str | file=tables_str_final.json | score=0.5452
[문서: 고로일반 용어의 기준] [경로: 4. 조업 기준 / 4.5 노화관리] ['용어: ○ 걸림(Hanging, 棚) | 단위: - | 정의: - 노내 장입물의 강하가 30 분 이상 정지되는 현상 | 비고: ', '용어: ○ 내림(Checking, 棚落) | 단위: - | 정의: - 걸림현상시 장입물을 급강하 시키는 작업 | 비고: ', '용어: ○ 미끄러짐(Slip) | 단위: - | 정의: - 노내 장입물이 미끄러져 급강하 하는 현상 | 비고: ', '용어: ○ 생바람(Channeling, 吹拔) | 단위: - | 정의: - 풍구에서 유입된 노내 Gas 가 장입물 층을 균일하게 통과하지 못하고 편류를 형성하며 장열을 가진채 급작스럽게 노정 Bleeder 를 통해 배출 되는 현상. 장입물의 분포, 강하를 혼란시키며 노열 저하현상을 유발함. | 비고: ', '용어: ○ 노벽탈락(壁落) | 단위: - | 정의: - 노벽에 부착된 부착물이 탈락하는 현상 | 비고: ']"
고로 조업에서 취발(Channeling)이 무엇입니까?,고로 조업에서 취발(Channeling)은 고로 내 통기성이 악화되어 Gas 흐름이 원활하지 못하게 되어 약한 부위로 바람의 터널을 형성하여 순식간에 고로 상부로 빠져나가는 현상을 말합니다. 이는 장입물의 강하를 방해하고 고로 내부의 열 분포를 불균형하게 만드는 현상입니다.,"[1] type=table_str | file=tables_str_final.json | score=0.6428
[문서: 고로종풍조업 용어의 기준] [경로: 4. 조업 기준 / 4.3 감척, 중풍조업] 용어: o 생바람(Channelling) | 단위: - | 정의: - 고로내 통기성이 악화되어 Gas 흐름이 원활하지 못하여 약한부문으로 바람의 터널을 형성하여 바람이 순식간에 고로상부로 빠져나가는 현상 (일명 취발) | 비고:

[2] type=table_str | file=tables_str_final.json | score=0.5899
[문서: 장입물 분포제어 용어의 기준] [경로: 4. 조업 기준 / 4.2 장입물 분포제어와 장입모드의 기본사상] 용어: o Channelling(생바람) | 단위: - | 정의: - 고로내 통기성이 약화되어 Gas 흐름이 원활하지 못하여 약한부문으로 바람의 터널을 형성하여 바람이 순식간에 고로상부로 빠져나가는 현상 (일명 취발) | 비고:

[3] type=table_str | file=tables_str_final.json | score=0.5491
[문서: 고로종풍조업 용어의 기준] [경로: 4. 조업 기준 / 4.3 감척, 중풍조업] ['용어: o 한계압손 | 단위: - | 정의: - 고로내 장입물의 순조로운 강하가 가능한 풍압과 노정압 압력차이의 최대한계치 | 비고: ', '용어: o 생바람(Channelling) | 단위: - | 정의: - 고로내 통기성이 악화되어 Gas 흐름이 원활하지 못하여 약한부문으로 바람의 터널을 형성하여 바람이 순식간에 고로상부로 빠져나가는 현상 (일명 취발) | 비고: ', '용어: o 최소유동화 풍량 | 단위: N m³/min | 정의: - 고로내의 장입물이 강하되지 못하고 장입물이 뜨는 현상이 발생되는 풍량의 최대한계치 | 비고: ', '용어: o Sounding | 단위: m | 정의: - 노정에서 장입물의 Level 을 측정할 수 있는 기구 | 비고: ', '용어: o 괴상대 | 단위: - | 정의: - 고로내 장입물이 상부에서 Gas 에 의해 예열, 승온되는 고로상부 영역 | 비고: ', '용어: o 융착대 | 단위: - | 정의: - 고로상부에서 예열, 승온된 광석이 환원되어 융용되는 영역 | 비고: ', '용어: o Gas Chro | 단위: % | 정의: - 고로내의 장입물과의 반응후의 Gas 성분조성을 측정하는 기구 (분석 성분: CO, CO2, H2, N2 %) | 비고: ']

[4] type=text | file=texts_final.json | score=0.5479
[문서: 고로일반 용어의 기준] [경로: 4. 조업 기준 / 4.3 장입작업] ## 4.3 장입작업

{{TB_STR_004}}

[5] type=table_str | file=tables_str_final.json | score=0.5316
[문서: 고로일반 용어의 기준] [경로: 4. 조업 기준 / 4.5 노화관리] 용어: ○ 생바람(Channeling, 吹拔) | 단위: - | 정의: - 풍구에서 유입된 노내 Gas 가 장입물 층을 균일하게 통과하지 못하고 편류를 형성하며 장열을 가진채 급작스럽게 노정 Bleeder 를 통해 배출 되는 현상. 장입물의 분포, 강하를 혼란시키며 노열 저하현상을 유발함. | 비고:"
고로 조업에서 냉입(Chilled Hearth)이 무엇입니까?,냉입(Chilled Hearth)은 고로 조업 중 노내 침수나 노활 불량 등으로 인해 노저부에 저장된 용선과 슬래그의 유동성이 나빠지거나 굴어지는 사고를 의미합니다. 이는 Hearths 부위의 용융물이 응고되어 출선을 방해하고 심할 경우 고로 전체가 굳어 조업을 중단시킬 수 있는 큰 문제입니다.,"[1] type=text | file=texts_final.json | score=0.6365
[문서: 노황관리 용어의기준] [경로: 4. 조업 기준 / 4.2 저선 Level 제어 관련 / 나. 저선량 : 노저에 저장된 용선의량] ## 4.2 저선 Level 제어 관련

### 가. 냉입(Chilled Hearth) : 노내침수, 노활불량 등의 원인으로 노저부에 저장된 용용물 (용선, Slag)의 유동성이 극히 나빠지거나 굴어지는 사고이다.

### 나. 저선량 : 노저에 저장된 용선의량

[2] type=text | file=texts_final.json | score=0.6276
[문서: 노저 냉입사고 복구사례 기준] [경로: 2. 목적] # 2. 목적
고로조업에 있어서 냉입 사고는 노내 열 Balance 가 깨어져 Hearth 부의 용융물이 응고되어 출선이 불가능하게 하여 급기야는 고로 전체가 굳어 조업을 전혀 불가능하게 하는 가장 큰 사고이다

이러한 사고를 외국제철소의 사례로 냉입 정후에 대한 사전 조업 Action 과 냉입시 복구를 위한 조업 기술을 확보하기 위함.

[3] type=table_str | file=tables_str_final.json | score=0.5811
[문서: 고로화입조업 용어의 기준] [경로: 4. 조업기준 / 4.1 화입조업 공통] 용어: o 고로건조 | 단위: - | 정의: - 화입전 노내에 적정온도와 압력의 Air 를 송풍하여 연와 및 Mortar 의 수분제거로 접착강도 증대 및 열충격에 의한 노체연와의 손상을 방지하며 고로 송풍계통 설비의 성능을 점검하기 위한 사전조업 | 비고:

[4] type=table_str | file=tables_str_final.json | score=0.5691
[문서: 고로화입조업 용어의 기준] [경로: 4. 조업기준 / 4.1 화입조업 공통] 용어: o 화입 | 단위: - | 정의: - 신설고로 및 개수고로에 조업개시를 위해 노내에 불씨를 최초로 장입하는 작업으로서, 화입조업은 사전 고로건조, Leak Test, 침목적, 장입물총진, 장입물 분포조사 및 정상조업까지 조업도 상승조업을 포함한다. | 비고:

[5] type=table_str | file=tables_str_final.json | score=0.5597
[문서: 고로화입조업 용어의 기준] [경로: 4. 조업기준 / 4.6 조업도 상승기술] 용어: o 장입물 승열 | 단위: - | 정의: - 고로내 충진되어 있는 상온의 장입물을 노하부에서부터 온도를 올리는 행위 | 비고:"
"고로 조업에서 붕락, 슬립(Slip), 드랍(Drop)의 판단 기준은 무엇입니까?","붕락(Hanging): 노내 장입물이 30분 정도 걸린 후 급격히 떨어지는 현상을 말합니다.  
드랍(Drop): 장입물 LEVEL이 0.5m ~ 1.0m 미만으로 급하게 떨어진 경우를 의미합니다.  
슬립(Slip): 장입물 LEVEL이 1.0m 이상 급격히 저하되는 현상을 지칭합니다.","[1] type=text | file=texts_final.json | score=0.6359
[문서: 장입물 강하 이상시 조치 기준] [경로: 4. 조업기준 / 4.1 장입물 미끄러짐 (SLIP) / 나. SLIP 발생 원인과 조치기준] ## 4.1 장입물 미끄러짐 (SLIP)

### 가. SLIP 의 판단
장입물 LEVEL 이 순간적으로 1.0 M 이상 저하하는 경우이며, 0.5~1.0 M 미만의 저하는 DROP 이라한다.

### 나. SLIP 발생 원인과 조치기준

{{TB_STR_002}}

[2] type=table_str | file=tables_str_final.json | score=0.6290
[문서: 고로일반 용어의 기준] [경로: 4. 조업 기준 / 4.5 노화관리] 용어: ○ 미끄러짐(Slip) | 단위: - | 정의: - 노내 장입물이 미끄러져 급강하 하는 현상 | 비고:

[3] type=text | file=texts_final.json | score=0.6288
[문서: 장입물 강하 이상시 조치 기준] [경로: 4. 조업기준 / 4.1 장입물 미끄러짐 (SLIP) / 나. SLIP 발생 원인과 조치기준] {{TB_STR_003}}

[4] type=text | file=texts_final.json | score=0.6200
[문서: 노황관리 용어의기준] [경로: 4. 조업 기준 / 4.1 고로 조업지수 관련 용어 / 차. 내림(붕락) : 30 분 정도 걸림(Hangin) 후 장입물이 급저하, 노정온도 상승, 노정 가스압 +0.1kg/cm² 정도 상승.] ### 사. 풍구 곡손 : 노벽부에 벽력, Slip 등의 현상으로 상당한 무게를 가진 낙하물이 풍구 선단부를 가격하여 풍구가 변형되고 하부로 쳐지는 현상

### 아. 드롭(Drop) : 0.5m ~ 1.0m 미만 급저하.

### 자. 슬립(Slip) : 1.0m 이상 급저하.

### 차. 내림(붕락) : 30 분 정도 걸림(Hangin) 후 장입물이 급저하, 노정온도 상승, 노정 가스압 +0.1kg/cm² 정도 상승.

[5] type=text | file=texts_final.json | score=0.6050
[문서: 장입물 강하 이상시 조치 기준] [경로: 1. 적용범위] # 1. 적용범위
고로 조업중에 발생하는 장입물 미끄러짐(SLIP), 장입물 걸림(棚, HANGING)현상등이 발생시의 조치 기준에 대하여 적용한다"
P0와 Pmax의 차이점이 무엇입니까?,제공된 컨텍스트에서 P0와 Pmax의 정확한 정의나 차이점은 명시되어 있지 않습니다. 따라서 이 질문에 대한 답변을 드리기 어렵습니다.,"[1] type=table_str | file=tables_str_final.json | score=0.3887
[문서: 고로일반 용어의 기준] [경로: 4. 조업 기준 / 4.4 조업지수] 용어: ○ Pmax 출선량 | 단위: T/D | 정의: - 월간 용선생산량을 S.D 및 휴지일수, 감풍 일수를 제외한 일수로 나눈 일 용선생산량 | 비고:

[2] type=table_str | file=tables_str_final.json | score=0.3399
[문서: [Mn] [P] 제어기술 기준] [경로: 3. 중점 관리항목] 품질영향 인자: [P] | 공정영향 인자: ◦소결광중 P2O5

[3] type=image_formula | file=images_formula_final.json | score=0.3344
[문서: [Mn] [P] 제어기술 기준] [경로: 4. 조업 기준 / 4.2 노내에서의 Mn 반응 / 4.2.1 Mn 의 환원] MnO + CO → Mn + CO₂

[4] type=image_formula | file=images_formula_final.json | score=0.3344
[문서: [Mn] [P] 제어기술 기준] [경로: 4. 조업 기준 / 4.2 노내에서의 Mn 반응 / 4.2.1 Mn 의 환원] MnO + CO → Mn + CO₂

[5] type=image_trans | file=images_trans_final.json | score=0.3253
[문서: [Mn] [P] 제어기술 기준] [경로: 4. 조업 기준 / 4.3 노내에서의 P 반응] 이 그래프에서는 시간(hour)과 온도(Dome) 사이의 관계를 나타내고 있습니다. x축에는 시간(hour)이 표시되어 있으며 y축에는 Dome 값이 0에서 1, 200까지 변동합니다. 곡선은 느린 가열 프로세스를 나타냅니다. 주요 온도 지점들은 다음과 같습니다 : 초기에 약간 높은 온도인 25℃와 55℃가 표시되고 있음(대략적으로 4시간 후), 대략 12시간 후에는 270℃, 22시간 후에 700℃, 그리고 마지막으로 26시간 후에는 압박된 형태로 1,100℃입니다."
선철 보류 계수가 무엇입니까?,제공된 컨텍스트에서 선철 보류 계수에 대한 정보를 찾을 수 없습니다.,"[1] type=text | file=texts_final.json | score=0.4962
[문서: 노저파손 사고시 조치 및 복구방법 기준] [경로: 6. 기술이론 / 6.5 외국제철소 노저 파손사례] {{TB_STR_007}}
- 꼬. -

[2] type=text | file=texts_final.json | score=0.4955
[문서: 노저파손 사고시 조치 및 복구방법 기준] [경로: 6. 기술이론 / 6.5 외국제철소 노저 파손사례] {{TB_STR_006}}

[3] type=text | file=texts_final.json | score=0.4928
[문서: 용선 및 외판 주물선 요구품질 기준] [경로: 5 이상판단 및 조치기준 / 5.1 이상판단 및 조치기준 / 5.1.1 용선품질 이상판단 및 조치기준 / 가. 이상판단 기준] ### 5.1.1 용선품질 이상판단 및 조치기준

#### 가. 이상판단 기준

{{TB_STR_001}}

[4] type=text | file=texts_final.json | score=0.4876
[문서: 노저파손 사고시 조치 및 복구방법 기준] [경로: 6. 기술이론 / 6.5 외국제철소 노저 파손사례] ## 6.5 외국제철소 노저 파손사례

{{TB_STR_005}}

[5] type=table_str | file=tables_str_final.json | score=0.4784
[문서: 용선 및 외판 주물선 요구품질 기준] [경로: 5 이상판단 및 조치기준 / 5.1 이상판단 및 조치기준 / 5.1.1 용선품질 이상판단 및 조치기준 / 가. 이상판단 기준] ['품질 영향과 공정 영향인자를 분류하여 SI와 S를 가진 품목과 풍 약 및 노열 관련 공정을 확인할 수 있습니다.', '열풍 로 개 보수 기준이라는 파일명에 따르면 이 문서는 열풍 로의 개별 및 보수 기술에 대한 기준을 다루고 있는 것으로 추측됩니다.']"
"PC 주입시, 무연탄 사용을 안 하는 이유는 무엇입니까?",컨텍스트에서 무연탄 사용을 안 하는 이유에 대한 직접적인 정보는 제공되지 않았습니다. 따라서 모릅니다. 추가 정보가 필요합니다.,"[1] type=table_str | file=tables_str_final.json | score=0.4175
[문서: 장입 연,원료 용어의 기준] [경로: 4. 조업 기준 / 4.5 고로사용 연료의 특성 용어(Coke 및 Coal)] 용어: 무연탄 (anthracite) | 단위: - | 정의: 탄화가 잘 되어 연기를 내지 않고 연소하는 석탄

[2] type=text | file=texts_final.json | score=0.4067
[문서: 미분탄 취입시 노내변화 기준] [경로: 2. 목 적] # 2. 목 적
고가의 COKE 를 저가의 유연탄으로 대체하는 미분탄 취입조업은 ALL COKE 조업과는 달리 노내 O/C 증대에 따른 통기성 악화, 노하부 GAS 류 분포조건의 변화, 노내 온도분포의 변화 등 노내상황의 변화가 발생하므로 PCR 증가에 따른 제반 상황을 미연에 설정하여 안정적인 고로조업 수행을 위한.

[3] type=text | file=texts_final.json | score=0.4022
[문서: 미분탄 취입시 노내변화 기준] [경로: 6. 기술이론 / 6.1 미분탄 취입기술 개요] ## 6.1 미분탄 취입기술 개요
고로조업에서 미분탄 다량취입의 기술적 의의는 고로에서 보조연료 취입수단의 하나로서 고가의 COKE를 저가의 유연탄으로 대체하는 것으로 -200MESH가 80% 이상이 되도록 GRINDING 하여 노하부의 풍구를 통해 취입하는 PROCESS로서 PCI조업은 COKE를 최대한 대체하여 경제적인 조업을 하는데 있다. 그러나 최근에는 COKE 대체라는 단순의미 이외에도 고로 PROCESS에 대한 개념을 새로이 정립하는 수준까지 PCI조업의 역할 및 그 중요도가 발전하였다.

미분탄 조업에 의한 산소부화의 도입은 기존의 송풍개념을 변화시켰으며 복합송풍의 실시에 의해서 고출선비 조업시 문제가 되는 열류비의 효과적 제어가 가능하였고 미분탄 조업의 실시는 출선비 증대와 고로조업의 안정화라는 부수적인 효과를 보았다.

미분탄 취입조업은 ALL COKE 조업과는 달리 노내 온도분포 및 열류비 분포가 상이하여 장입물의 강하, 환원과정이 기존의 ALL COKE 조업과는 다른 특징을 나타내고 있다. 미분탄 취입 초기

[4] type=table_str | file=tables_str_final.json | score=0.3959
[문서: 미분탄 취입 용어의 기준] [경로: 4. 조업기준 / 4.1 “미분탄 취입조업시 노내상황 변화”관련 용어] ['용어: ○ 미분탄 취입 | 영문 표기: P.C.I(Pulverized Coal Injection) | 정의: -고로에서 보조연료 취입수단의 하나로써 고가의 Coke를 저가의 유연탄으로 대체하는 것으로 노하부의 풍구를 통해 취입할 수 있도록 -200Mesh 가 80% 이상 되도록 파쇄한 유연탄 | 비고: ', '용어: ○ 미분탄비 | 영문 표기: PCR | 정의: -용선 1Ton 생산시 투입되는 미분탄량 (Kg/T-P) | 비고: ']

[5] type=text | file=texts_final.json | score=0.3953
[문서: 미분탄 취입시 조업기준] [경로: 6. 기술이론 / 6.1 미분탄 취입시 노하부 통기영향 Mechanism] ## 6.1 미분탄 취입시 노하부 통기영향 Mechanism

{{IMG_SUM_005}}"
반무연탄을 사용하면 왜 환원제비가 떨어집니까?,컨텍스트에 근거한 정보만으로는 반무연탄 사용이 환원제비를 떨어뜨리는 직접적인 이유가 명시되어 있지 않습니다. 따라서 모릅니다. 추가적인 기술적 설명이나 데이터가 필요할 수 있습니다.,"[1] type=text | file=texts_final.json | score=0.4517
[문서: 소결광 품질관리 기준] [경로: 6. 기술 이론(소결광 품질이 고로 조업에 미치는 영향) / 6.2 환원분화 또는 환원지수의 영향] ## 6.2 환원분화 또는 환원지수의 영향
피환원성이 좋은 소결광은 환원측면에서 용이하나, RDI가 높아 노내에서 분화가 잘되므로 고로내에서 통기성 악화의 원인이 된다. 반면 피환원성이 나쁜 소결광이 장입될 경우 환원 불충분으로 노열저하 등이 발생할 수 있다.

[2] type=text | file=texts_final.json | score=0.4351
[문서: [Mn] [P] 제어기술 기준] [경로: 4. 조업 기준 / 4.2 노내에서의 Mn 반응 / 4.2.3 [Mn] 함량 저하 이론적 배경] ### 4.2.3 [Mn] 함량 저하 이론적 배경

{{IMG_TR_004}}
○ 산소결합 순서 : Ti → Si → Mn → P

○ O₂ Source : 탈규제, 공기

○ Mn 광 환원제 : C, [Si]

{{IMG_SUM_019}}

{{IMG_SUM_020}}

{{IMG_SUM_021}}
※ 고로내 환원분위기에서는 MnO의 간접 환원은 불가능함 (MnO의 CO Gas 에 의한 간접환원 가능 온도는 2,200 °C 이상임)

※ MnO의 환원은 C, Si 에 의한 직접환원으로 가능하며, 소요열량이 큼.

● 고로 조업에서 [Mn] 제어 방법(C/S, 용선온도 등)은 몇가지 있지만, 장입 Mn의 대부분 (약 70% 이상)이 용선중으로 환원되기 때문에 고로에서는 임량의 조정에 의해서 용선중 [Mn]을 제어 하고 있다.

[3] type=text | file=texts_final.json | score=0.4296
[문서: Zn Alkali 입량 관리기준] [경로: 6 기술이론 / 6.3 Zn 가 고로내에서 미치는 영향 / 6.3.3 Zn 배출에 미치는 영향 / 마. 장입물과의 반응] #### 마. 장입물과의 반응
Zn 가 노내 순환중 노정에서 CO2 에 의해 산화되고, 강하하면서 환원되므로 광석 환원을 저해하는 경향이 있다. 따라서 다량의 Zn 노내 침적, 순환은 광석의 환원 능력을 약화시킬 수 있다.

[4] type=table_str | file=tables_str_final.json | score=0.4196
[문서: 장입 연,원료 용어의 기준] [경로: 4. 조업 기준 / 4.3 소결광 품질관리 용어] ['용어: 환원율(RI)(Reduction Index) | 단위: % | 정의: 고로내에서 소결광의 환원성을 나타내는 지수이다.', '용어: 피환원성 | 단위: - | 정의: 철광석중 산소가 제거되기 쉬운 정도를 말하며, 이는 고로 연료비 및 생산성에 큰 영향을 준다.']

[5] type=text | file=texts_final.json | score=0.4190
[문서: 고출선비 조업시 기본사상 기준] [경로: 4. 조업기준 / 4.1 고출선비 조업 방법] ## 4.1 고출선비 조업 방법
고출선비 조업을 수행하기 위해서는 단위 시간당 한정된 내용적에서 철광석의 환원을 얼마나 효율적으로 빨리 시키느냐가 주요한 관건이며, 이를 위한 수단으로 일반적으로 단위 시간당 투입 산소원단위를 증가시키는 방법과 연료비를 저하시켜 송풍원단위를 낮추는 방법이 있다.

{{IMG_SUM_001}}"
조습을 증가시키면 통기성이 좋아지는 이유가 무엇입니까?,컨텍스트에 근거한 답변으로는 해당 질문에 대한 직접적인 정보가 없습니다. 따라서 모릅니다.,"[1] type=table_unstr | file=tables_unstr_final.json | score=0.4798
[문서: 조업도 상승 기준] [경로: 4. 조업기준 / 4.1 조업도 상승계획 수립과 실적비교 / 4.1.2 화입후 24시간 조업계획 / ○ 고로별 화입초기 송풍운도 상승실적] ['화입 초기 시 고로별 송풍 운도가 상승한 경우, 이는 고효율 생산 및 에너지 절감 효과를 가져올 수 있습니다.', '상승된 송풍運도는 고로 내부 온도와 가스 분압을 안정적으로 관리하는데 도움을 줄 것입니다.', '(수치나 단위 등 특정 정보 없음)', '그러므로, 이러한 조업 방침은 효율적인 운영을 위해 필수적이며, 이를 통해 회사의 경쟁력을 높일 수 있을 것으로 예측됩니다.']

[2] type=text | file=texts_final.json | score=0.4609
[문서: 조업도 상승 기준] [경로: 4. 조업기준 / 4.1 조업도 상승계획 수립과 실적비교 / 4.1.2 화입후 24시간 조업계획 / 라. 송풍온도] #### 다. 습분
화입초기의 습분취입은 노열 Balance 에 중대한 영향을 미치나 너무 낮을 경우 연화용착대 형성 시점에 통기불량을 초래할 수 있으므로 노황 조정수단으로 일시 습분 취입량을 증대시킬 필요가 있다.

0 고로별 화입초기 습분 취입실적

{{TB_UNSTR_004}}

#### 라. 송풍온도
화입초기 노저온도에 따른 용융물 배출불량현상을 해소하기 위하여 송풍초기 760℃까지 조기확 보후 800℃로 송풍온도를 유지하며 가능한 송풍온도를 최대 상승시켜 조기입열량을 증가시킨다.

[3] type=table_str | file=tables_str_final.json | score=0.4525
[문서: 고로화입조업 용어의 기준] [경로: 4. 조업기준 / 4.6 조업도 상승기술] 용어: o 조습(습분) | 단위: g/Nm³ | 정의: - 고로에 들어가는 바람중에 포함된 수분을 일정하게 조정하기 위하여 STEAM 으로 수분량을 조정하는 것 | 비고:

[4] type=text | file=texts_final.json | score=0.4428
[문서: 감산조업 사상과 감산 기준] [경로: 4. 조업기준 / 4.3 감산조업시 문제점 원인 및 대책 / 마. 통기성 악화] ### 라. 용선중 [Si] 변동

{{IMG_SUM_004}}

{{IMG_SUM_005}}
( * 출선비 0.1 T/D/m² 저하시 [Si] 은 0.03% 상승함 )

●대책 : - 출선재 배출 강화와 출선공 확대 개공 필요 - 저 SiO₂ PCI Coal 사용 - 조습 증가 등으로 T_f 상승 방지

### 마. 통기성 악화

{{IMG_SUM_006}}
●대책 :

● ○ Coke 품질 향상
● - DI 및 입도의 향상
● - 고로 Bin 하부 Screen 관리 강화로 입도 저하 방지

[5] type=table_unstr | file=tables_unstr_final.json | score=0.4393
[문서: 장입물 충진작업 기준] [경로: 4. 조업기준 / 4.1 충진조업기준 및 관리항목 / 4.1.6 Coke Base 결정 / 나. Coke Base 검토] ['화입 초기 시 고로별 송풍 운도가 상승한 경우, 이는 고효율 생산 및 에너지 절감 효과를 가져올 수 있습니다.', '상승된 송풍運도는 고로 내부 온도와 가스 분압을 안정적으로 관리하는데 도움을 줄 것입니다.', '(수치나 단위 등 특정 정보 없음)', '그러므로, 이러한 조업 방침은 효율적인 운영을 위해 필수적이며, 이를 통해 회사의 경쟁력을 높일 수 있을 것으로 예측됩니다.']"
Slag Volume을 증가시키면 환원제비가 올라가는 이유는 무엇입니까?,"슬래그 부피를 증가시키면 환원제비가 올라가는 이유는 슬래그의 점도가 증가하여 슬래그 배출이 원활하지 않아 노저에서 용융물(용선, 슬래그)의 배출이 불충분해지기 때문입니다. 이로 인해 승풍압력이 상승하고, 장입물 강하 속도가 저하되어 환원제비가 올라가는 현상이 발생합니다.","[1] type=image_trans | file=images_trans_final.json | score=0.5908
[문서: Slag Volume 관리 기술기준] [경로: 6 기술이론 / 6.1 SLAG VOLUME 의 영향 / 나. PCR 증대시 Slag 점도가 증가하기 때문에 Slag Ratio 를 감소시키고, 유동성 개선을 위해서 Al2O3의 하향 조정이 필요함.] 이 도표에는 가스(COG), 공기(Air - 1차Air 35A와 2차Air 65A), 연소기(burner), 돔(Dome T/C), 실카(Silica T/C), 챌쳐(checker), 측열실(furnace), 연결관(dome connection pipe), 연돌(chimney), 여러 밸브(valves - CBMV, HBВ, BAВ, EV, ЧHV1, RV), 그리고 온도 및 유량 컨트롤(T/C, 180A과 25A) 등이 포함되어 있습니다.

[2] type=text | file=texts_final.json | score=0.5800
[문서: Slag Volume 관리 기술기준] [경로: 6 기술이론 / 6.5 향후 조업방향 / 가. 당사] ## 6.5 향후 조업방향

### 가. 당사
● SOR 상승 → Slag.V 증가 → MgO, SiO₂ 저하 → Slag.V 저하유도 → RDI 다소 상승(포항 40%, 광양 45%)
● 고로 저원가조업을 위해 소결광 사용비를 올릴면 여기에 따라 Slag Volume 상승, 따라서 소결광중의 MgO 와 SiO₂ 를 낮추어 Slag Volume 저하를 유도함. 이때 불가피하게 RDI 는 다소 상승 할 것으로 예상됨(포항 40%, 광양 45%)

[3] type=text | file=texts_final.json | score=0.5531
[문서: Slag Volume 관리 기술기준] [경로: 6 기술이론 / 6.1 SLAG VOLUME 의 영향 / 다. 향후 포항 고로 고 PCR 조업시는 노내 Slag의 원활한 배출을 위해 Slag 중 Al2O3 는 14%이하 수준, Slag Volume 은 현 수준인 300kg/t-p 보다 더 낮추어야 한다.(280kg/t-p 수준)] {{IMG_TR_005}}
그림5. 용재의 유출속도와 출선회수와의 관계

### 나. PCR 증대시 Slag 점도가 증가하기 때문에 Slag Ratio 를 감소시키고, 유동성 개선을 위해서 Al2O3의 하향 조정이 필요함.

{{IMG_TR_006}}
[ PCR 증대시 조업실적 ]

### 다. 향후 포항 고로 고 PCR 조업시는 노내 Slag의 원활한 배출을 위해 Slag 중 Al2O3 는 14%이하 수준, Slag Volume 은 현 수준인 300kg/t-p 보다 더 낮추어야 한다.(280kg/t-p 수준)

[4] type=text | file=texts_final.json | score=0.5527
[문서: Slag Volume 관리 기술기준] [경로: 6 기술이론 / 6.1 SLAG VOLUME 의 영향 / 가. 고로 노저에서 용용물(용선,Slag)의 배출이 불충분해서 노저에 용용물이 충만한 경우, 승풍압력이 상승하여 장입물 강하 속도가 저하하고, Slip 이 발생한다.] ## 6.1 SLAG VOLUME 의 영향

### 가. 고로 노저에서 용용물(용선,Slag)의 배출이 불충분해서 노저에 용용물이 충만한 경우, 승풍압력이 상승하여 장입물 강하 속도가 저하하고, Slip 이 발생한다.
일반적으로 고로 출선 Cycle 에 대한 노저 Level 의 변화는 그림 1.과 같이 출선개시 직전에는 수평을 유지하지만 출선종료 직전에는 압력, 코크스와 용용물간의 저항등에 의해 압력손실, 용용물의 점성 등의 요인으로 (b)와 같은 패턴이 됨.

[5] type=text | file=texts_final.json | score=0.5498
[문서: Slag Volume 관리 기술기준] [경로: 3. 중점관리 항목] # 3. 중점관리 항목

{{TB_STR_001}}
Slag Volume 상승 → 노내 통기성 저해 → 감풍 → 용선[Si] 상승"
소결광 사용비를 증가시키면 환원제비가 떨어지게 되는 이유는 무엇입니까?,컨텍스트에서 제공된 정보만으로는 소결광 사용비 증가가 환원제비 감소의 직접적인 이유를 명확히 설명하지 못합니다. 추가적인 기술적 분석이나 데이터가 필요할 수 있습니다.,"[1] type=text | file=texts_final.json | score=0.5913
[문서: 소결광 품질관리 기준] [경로: 6. 기술 이론(소결광 품질이 고로 조업에 미치는 영향) / 6.2 환원분화 또는 환원지수의 영향] ## 6.2 환원분화 또는 환원지수의 영향
피환원성이 좋은 소결광은 환원측면에서 용이하나, RDI가 높아 노내에서 분화가 잘되므로 고로내에서 통기성 악화의 원인이 된다. 반면 피환원성이 나쁜 소결광이 장입될 경우 환원 불충분으로 노열저하 등이 발생할 수 있다.

[2] type=text | file=texts_final.json | score=0.5471
[문서: 소결광 품질관리 기준] [경로: 6. 기술 이론(소결광 품질이 고로 조업에 미치는 영향) / 6.3 분율의 영향] ## 6.3 분율의 영향
소결광 중 분율이 상승하면 Screen 후 소결광의 험품회수율이 저하하며, 고로 장입 시 분 장입량이 증가하게 된다. 노내에 분 장입량이 증가하게 되면 Gas류의 원활한 흐름을 어렵게하여 통기성을 악화시켜, 노체하부 불활성대를 형성하여 노황을 악화시킨다. 따라서 고로내 분 장입을 최소하기 위해서는 Screen 청소 및 공회전 등에 의한 Screen 효율 증대가 필요하며, Bin Gate를 적정하게 조정하여(절출설계능력 이하로) 고로내 장입량을 최소화한다.

{{IMG_TR_001}}

[3] type=text | file=texts_final.json | score=0.5280
[문서: 소결광 품질관리 기준] [경로: 6. 기술 이론(소결광 품질이 고로 조업에 미치는 영향) / 6.6 T.Fe의 영향] ## 6.6 T.Fe의 영향
소결광의 T.Fe는 높을수록 고로생산량 확보 측면에서 유리하나, 소결광 Slag량이 감소하여 소결광 품질(강도, 환원분화율)을 확보하는데 불리하다. 또한 고로 Slag량 저하에 의한 노내 탈류능력 저하로 용선 중 [S]가 상승하며, 따라서 용선 및 Slag 성분 확보 측면에서 일정수준 유지하는 것이 필요할 수도 있다. 소결광 T.Fe 변동 시 연료비 증감 요인이 있기 때문에 고로측에서 볼 때 소결광 T.Fe는 변동폭의 관리가 필요하다.

[4] type=text | file=texts_final.json | score=0.5101
[문서: 고출선비 조업시 연,원료 품질관리 기준] [경로: 4. 조업기준 / 4.2 소결광 품질개선 목표] ## 4.2 소결광 품질개선 목표
고출선비 조업시에는 장입 Speed 증가 및 열류비 상승에 의한 미환원 철광석의 노하부 강화를 최소화하기 위하여 기본적으로 소결광 저 Slag volume 및 고 피환원성이 요구 된다. 또한 저온 열보존대 영역의 확대에 따른 소결광의 환원분화에 대처하기 위하여 RDI를 개선하고, 성분관리를 강화(Al₂O₃ ↓, MgO ↑, FeO ↓) 해 주어야 하며, 통기성 저해 요인을 최소화 하기 위하여 강도향상 및 분불저하를 위한 Screen 효율을 향상시켜 분장입을 최소화 해야한다. 필요시, B/C 상에서 CaCl₂ 를 살포하여 RDI를 개선시킨다. Pellet 는 기본적으로 소결광 대비 T-Fe 가 높으며 사용비 1% 증대시에 출선비 0.1% 증가 또는 연료비 0.5~1Kg/T-P 저하 효과가 있으며 소결광 대비 Slag Volume 저하에 의한 출선비 증대 효과가 있으므로 고출선비 조업시 유용한 수단으로 사용하고 있다.

[5] type=table_str | file=tables_str_final.json | score=0.5065
[문서: 장입 연,원료 용어의 기준] [경로: 4. 조업 기준 / 4.3 소결광 품질관리 용어] ['용어: 환원율(RI)(Reduction Index) | 단위: % | 정의: 고로내에서 소결광의 환원성을 나타내는 지수이다.', '용어: 피환원성 | 단위: - | 정의: 철광석중 산소가 제거되기 쉬운 정도를 말하며, 이는 고로 연료비 및 생산성에 큰 영향을 준다.']"
Coke의 Ash(회분)이 증가하면 환원제비가 상승하는 이유는 무엇입니까?,"Coke의 Ash(회분) 증가로 인해 Slag 가 가지고 나가는 열량이 증가하여 연료비가 상승하고, Coke 회분 1% 증가시에는 Coke 를 5.6 kg/T-P 추가로 사용해야 하므로 환원제비가 상승합니다.","[1] type=text | file=texts_final.json | score=0.6475
[문서: 고로사용 연료(Coke,Coal)의 기준] [경로: 4. 조업기준 / 4.3 Coke 품질이 고로 조업에 미치는 영향 / 4.3.1 Coke 회분(Ash)의 영향] ### 4.3.1 Coke 회분(Ash)의 영향
● Coke 중 회분의 증가시 Slag 가 가지고 나가는 열량이 증가되어 연료비 상승 및 생산량 저하를 초래한다
● 보통 Coke 회분 1% 증가는 Coke 를 5.6 kg/T-P 상승한다.
● Coke 회분이 상승할 경우 Slag 량 및 Al₂O₃ 증가로 통기성에 악영향을 미친다.
● Coke 회분 증가는 상대적으로 탄소량을 감소시켜 노열 Balance 변화를 초래한다.

[2] type=text | file=texts_final.json | score=0.6307
[문서: COKE 및 COAL 품질관리 기준] [경로: 6. 기술이론 / 6.1 Coke 품질이 고로 조업에 미치는 영향 / 6.1.1 Coke 회분(Ash)의 영향 / 라. Coke 회분 증가는 상대적으로 탄소량을 감소시켜 노열 Balance 변화를 초래한다.] ### 6.1.1 Coke 회분(Ash)의 영향

#### 가. Coke 중 회분의 증가는 Slag 가 가지고 나가는 열량이 증가되어 연료비 상승 및 생산량 저하를 초래한다.

#### 나. 보통 Coke 회분 1% 증가는 Coke Bt 5.6 kg/T-P 상승한다.

#### 다. Coke 회분이 상승할 경우 Slag 량 및 Al₂O₃ 증가로 풍기성에 악영향을 미친다.

#### 라. Coke 회분 증가는 상대적으로 탄소량을 감소시켜 노열 Balance 변화를 초래한다.

[3] type=table_str | file=tables_str_final.json | score=0.4981
[문서: COKE 및 COAL 품질관리 기준] [경로: 4. 조업 기준 / 4.1 Coke 품질관리 기준] 항목: Ash (%) | 2고로: ≤ 12.0 | 3고로: ≤ 12.0 | 4고로: ≤ 12.0 | 비고:

[4] type=text | file=texts_final.json | score=0.4963
[문서: 고로사용 연료(Coke,Coal)의 기준] [경로: 4. 조업기준 / 4.3 Coke 품질이 고로 조업에 미치는 영향 / 4.3.2 Coke 수분의 영향] ### 4.3.2 Coke 수분의 영향
● Coke 중 수분이 과도하게 상승할 경우 Coke 에 부착분이 발생하여 노내 통기성을 저해하거나 중성자 수분계의 수분감지 오차발생으로 노열 변동을 초래할 수 있다.
● Yard Coke 사용시는 직송 사용시와 달리 수분 변동이 크기 때문에 노열 Balance 저해 요인이 될 수 있음.

[5] type=text | file=texts_final.json | score=0.4870
[문서: COKE 및 COAL 품질관리 기준] [경로: 6. 기술이론 / 6.1 Coke 품질이 고로 조업에 미치는 영향 / 6.1.2 Coke 수분의 영향 / 나. Yard Coke 사용시는 직송 사용시와 달리 수분 변동이 크기 때문에 노열 Balance 저해 요인이 될 수 있다..] ### 6.1.2 Coke 수분의 영향

#### 가. Coke 중 수분이 과도하게 상승할 경우 Coke 에 부착분이 발생하여 노내 풍기성을 저해하거나 중성자 수분계의 수분감지 오차발생으로 노열 변동을 초래할 수 있다.

#### 나. Yard Coke 사용시는 직송 사용시와 달리 수분 변동이 크기 때문에 노열 Balance 저해 요인이 될 수 있다.."
슬라그를 구성하는 맥석 성분 중 환원 속도가 빠른 순서로 나열하면 어떻게 됩니까?,提供的上下文信息中没有关于滑渣（슬라그）组成成分中的麦石（맥석）在还原速度上的排序的相关数据。因此，我无法根据给定的信息回答这个问题。,"[1] type=image_sum | file=images_sum_final.json | score=0.4952
[문서: Slag 염기도 및 유동성 관리기준] [경로: 6. 기술이론 / 6.4 SLAG 의 유동성 / 6.4.8 Slag 성분과 점도의 관계] 이 도표에는 슬래그의 구성별 온도에 따른 강도 변화가 나타나며, 포스코 기업 연구원의 분석 결과를 바탕으로 합니다.

[2] type=table_str | file=tables_str_final.json | score=0.4864
[문서: Slag 염기도 및 유동성 관리기준] [경로: 6. 기술이론 / 6.4 SLAG 의 유동성 / 6.4.8 Slag 성분과 점도의 관계] ['각 구분별로 채운 물량과 부재 종류 및 양이 다르게 분포하고 있습니다.', '대부분의 구분에서는 석회산의 양이 가장 많으며, 이어지는 것이 규석입니다.', 'Ballast와 규석의 경우 대부분의 구분에서 상대적으로 적은 양을 보이고 있어 전체적인 구성 중에서도 중요한 부분을 차지합니다.', 'Celadon (사문암), 3BF R2 등 일부 구분에는 특정 재료가 큰 비중을 차지하여 다른 구분들과 비교했을 때 특이한 경향성이 나타납니다.']

[3] type=text | file=texts_final.json | score=0.4853
[문서: Slag 염기도 및 유동성 관리기준] [경로: 6. 기술이론 / 6.2 SLAG 의 성분] ## 6.2 SLAG 의 성분

{{TB_STR_003}}

[4] type=image_sum | file=images_sum_final.json | score=0.4848
[문서: Slag 염기도 및 유동성 관리기준] [경로: 6. 기술이론 / 6.4 SLAG 의 유동성 / 6.4.8 Slag 성분과 점도의 관계] 이 도표에는 슬래그(Slag)의 연소율(lbs/hr)과 관련된 데이터가 포함되어 있습니다. X 축은 시간(hour), Y 축은 연소량(lbs/hr). 각 커브는 다른 종류의 스테인리스 스틸(Stainless Steel)의 연속적인 생산 과정에서 발생되는 슬래거의 양을 나타냅니다.

[5] type=image_sum | file=images_sum_final.json | score=0.4848
[문서: Slag 염기도 및 유동성 관리기준] [경로: 6. 기술이론 / 6.4 SLAG 의 유동성 / 6.4.8 Slag 성분과 점도의 관계] 이 도표에는 슬래그(Slag)의 연소율(lbs/hr)과 관련된 데이터가 포함되어 있습니다. X 축은 시간(hour), Y 축은 연소량(lbs/hr). 각 커브는 다른 종류의 스테인리스 스틸(Stainless Steel)의 연속적인 생산 과정에서 발생되는 슬래거의 양을 나타냅니다."
"고로 개수시, 살라만다 탭핑을 하는 이유는 무엇입니까?",제공된 컨텍스트에서 살라만다 탭핑에 대한 직접적인 정보는 없습니다. 따라서 이를 설명하기 위한 정확한 답변을 제공할 수 없습니다.,"[1] type=text | file=texts_final.json | score=0.3535
[문서: 고로일반 용어의 기준] [경로: 4. 조업 기준 / 4.3 장입작업] ## 4.3 장입작업

{{TB_STR_004}}

[2] type=text | file=texts_final.json | score=0.3517
[문서: 장입물 강하 이상시 조치 기준] [경로: 4. 조업기준 / 4.2 장입물 걸림(栅, HANGING) / 나. 2차 봉락] ### 4.2.4 봉락작업

### 가. 1차 봉락
● 장입물 강하가 멈추거나 강하속도가 아주 늦고 풍압이 상승할 경우 압력제한을 실시한다.
● 통기가 불량하여 생기는 행킹을 견고한 행킹이 되기전에 장입물 강하를 유도하려는 목적으로 사용된다.
● 봉락작업은 빠르면 빠를수록 장입물 분포에 영향이 작아서 행킹부위의 하부에 공동을 크게 만들지 않고 출선판작업에 영향을 주지않게 되는 잇점이 있다.

### 나. 2차 봉락
● 1차 봉락으로도 장입물 강하가 이루어지지 않은 경우 대폭적인 강풍을 실시하여 장입물 강하를 유도한다. 이 경우 반드시 출선판을 하여 SLAG 가 충분히 배출된 후에 실시하는 것이 안전하다.

(통상적으로는 정풍압으로 봉락작업을 실시하나, 포함 4 고로는 내용적 대비 출선판과 풍구사이 거리가 짧아 Slag 역류 가능성이 크기 때문에 정풍량으로 봉락작업을 실시하며, 최소풍량 1,000N m³/min 까지 강풍 후 미봉락시, 봉락직전 풍량까지 증풍 후 다시 반복작업을 실시한다.)

[3] type=table_str | file=tables_str_final.json | score=0.3381
[문서: 고로화입조업 용어의 기준] [경로: 4. 조업기준 / 4.5 장입물 분포조사 기술] 용어: ○ 오장입 | 단위: - | 정의: - 고로에 장입되는 장입물 또는 장입 순서가 바뀌거나, 기준 장입량 보다 과소 또는 과다하게 평량되어 장입되는 경우. | 비고:

[4] type=text | file=texts_final.json | score=0.3349
[문서: 장입물 강하 이상시 조치 기준] [경로: 4. 조업기준 / 4.2 장입물 걸림(栅, HANGING) / 4.2.1 HANGING의 개념 / 나. 봉락 (CHECK)] ### 4.2.1 HANGING의 개념

#### 가. HANGING :
-노내 통기성이 나쁜 부위의 상승 GAS의 압력이, 그 부분에 걸리는 장입물의 중량보다 클 경우 장입물 강하가 중지되며 이런 현상이 30분 이상 지속되는 경우가 HANGING이다.

HANGING이 걸린 부분의 하부에는 공동이 생기며 HANGING 상태가 길어질 수록 공동은 커지게 되어 봉락작업시 SLIP 폭이 커지게 된다.

-소폭의 감풍을 실시하거나, 실시하지 않아도 장입물이 미끄러져 내려가는 HANGING이 있으나 큰 폭으로 감풍을 하지 않으면 내려가지 않는 HANGING도 있으며, 이 때는 봉락작업(CHECK)을 실시해야 한다.

#### 나. 봉락 (CHECK)
HANGING이 발생했을 경우 송풍압을 급격히 저하시켜 강제로 장입물을 떨어뜨리는 작업이다.

[5] type=table_str | file=tables_str_final.json | score=0.3343
[문서: 고로화입조업 용어의 기준] [경로: 4. 조업기준 / 4.5 장입물 분포조사 기술] ['고로 내에 1 차지당 코크스(C.B), 철강(O.B) 등 재료의 양과 크기를 나타내며, 이들은 고로 화입 조업 시 중요한 지표입니다.', '소립소 결광(SMALL SINTER)은 고로 BIN Screen 아래로 떼져내려온 4mm ~ 12mm 사이의 광물을 가리킵니다.', 'BALLAST는 고로화일 때 알루미늄 산화물(AL₂O₃) 함유율이 농후한 규석이나 석회암 등을 이용하여 열적 손실 감소와 충전 물질의 융점을 높이는 역할을 합니다.']"
왜 Tf가 높으면 (송풍)바람이 안들어 갑니까?,컨텍스트에 근거한 답변은 다음과 같습니다: Tf가 높아질수록 열풍로의 송풍조건이 악화되어 바람이 안들어가는 현상이 발생할 수 있습니다. 하지만 구체적인 이유와 관련된 숫자나 조건을 제공하지는 않았습니다. 따라서 더 자세한 정보를 위해서는 추가 컨텍스트가 필요합니다.,"[1] type=text | file=texts_final.json | score=0.4080
[문서: 고로 건조계획 기준] [경로: 4. 조업기준 / 4.2 예방판단 및 조치기준 / o 타고로 건조실적] ### 4.2.6 건조풍량과 풍운
건조기간 단축과 효과적인 건조를 위해 고풍량, 고풍운건조가 바람직하나, 실제로는 노정설비 보호, 열풍로의 송풍조건, 연와의 건조물량과 수분량 및 투입열량의 과다로 인한 에너지 낭비 등의 이유로서 적정 건조풍량과 풍운을 선택한다.

### o 송풍량에 따른 풍운
환환냉풍관 통과량 제한 및 송풍량 증가에 따른 풍운상승은 노정설비 보호를 위한 노정온도 관리를 300℃이하로 할 때 건조풍량은 2000 Nm³/min 이하로 제한된다.

{{IMG_SUM_002}}
T1 : 냉풍온도(200℃)

T2 : 열풍로 Dome 통과온도(700℃)

T3 : 건조풍운

CP1 : 0.31kcal/Nm³ (풍운 200℃)

CP2 : 0.33kcal/Nm³ (풍운 700℃)

### o 타고로 건조실적

{{TB_STR_002}}

[2] type=text | file=texts_final.json | score=0.4009
[문서: 노저온도 상승, 저하시 조치 기준] [경로: 6. 기술이론 / 6.1 풍구경 감소와 풍구 직하부 노저온도 관계] ## 6.1 풍구경 감소와 풍구 직하부 노저온도 관계

{{IMG_SUM_001}}

[3] type=text | file=texts_final.json | score=0.3874
[문서: 조업도 상승 기준] [경로: 4. 조업기준 / 4.1 조업도 상승계획 수립과 실적비교 / 4.1.2 화입후 24시간 조업계획 / 라. 송풍온도] #### 다. 습분
화입초기의 습분취입은 노열 Balance 에 중대한 영향을 미치나 너무 낮을 경우 연화용착대 형성 시점에 통기불량을 초래할 수 있으므로 노황 조정수단으로 일시 습분 취입량을 증대시킬 필요가 있다.

0 고로별 화입초기 습분 취입실적

{{TB_UNSTR_004}}

#### 라. 송풍온도
화입초기 노저온도에 따른 용융물 배출불량현상을 해소하기 위하여 송풍초기 760℃까지 조기확 보후 800℃로 송풍온도를 유지하며 가능한 송풍온도를 최대 상승시켜 조기입열량을 증가시킨다.

[4] type=text | file=texts_final.json | score=0.3788
[문서: 열풍로 개,보수기술 기준] [경로: 4. 조업 기준 (열풍로 보수작업) / 4.3 열풍로 보열 / 4.3.4 비상 대책 / 4.3.4.4 Dome 온도가 계획치 보다 크게 상승 할 경우 / 나. 상기 방법으로 Dome 온도가 Control되지 않으면 Gas 유량을 감소 시킨다.] #### 4.3.4.4 Dome 온도가 계획치 보다 크게 상승 할 경우

##### 가. 배 Gas 온도가 여유 있으면 Air량을 증가 시킨다.

##### 나. 상기 방법으로 Dome 온도가 Control되지 않으면 Gas 유량을 감소 시킨다.

[5] type=text | file=texts_final.json | score=0.3783
[문서: 열풍로 조업관리 기준] [경로: 6. 기술이론 / 6.5 열풍로 비상작업 / 6.5.2 전정시 비상작업] ### 6.5.2 전정시 비상작업
공장정전인지,전정전인지 확인한다,

공장정전인 경우 송풍기는 기동되고 있으므로 후속조치를 취하면되나 전정전인 경우, 송풍기가

정지되므로 바로 휴풍을 해야하기 때문이다."
미분탄(PC)를 취입하면 왜 Tf가 떨어집니까?,"컨텍스트에서 미분탄(PC)을 취입하면 Tf가 떨어지는 이유에 대한 직접적인 설명은 제공되지 않았습니다. 그러나, 미분탄 취입 후 노열이 상승하는 것으로 기대되며, 이는 일반적으로 반응온도(Tf)를 증가시키는 경향이 있습니다. 따라서 Tf가 실제로 떨어진다는 현상에 대한 근본적인 이유는 추가 정보나 분석을 필요로 합니다.","[1] type=table_str | file=tables_str_final.json | score=0.5235
[문서: 미분탄 취입시 조업 대책 기준] [경로: 5. 이상판단 및 조치기준 / 5.1 이상판단 및 조치기준] 현상 및 문제점: Tf 저하 및 PC 연소성 저하 | 조치 내용: 산소부화 능력증대

[2] type=text | file=texts_final.json | score=0.5203
[문서: 미분탄 취입시 조업기준] [경로: 5. 이상판단 및 조치기준 / 나. 미분탄의 열효과 기준] # 5. 이상판단 및 조치기준

## 가. 미분탄 취입 중 긴급휴풍시 노열확보 위한 사전 PC 증가기준

{{TB_STR_005}}

## 나. 미분탄의 열효과 기준
● 미분탄 취입시 : 3~4 시간후 노열상승
● 미분탄 Cut 시 : 2~3 시간후 노열저하

[3] type=table_str | file=tables_str_final.json | score=0.5021
[문서: 미분탄 취입시 조업기준] [경로: 5. 이상판단 및 조치기준 / 가. 미분탄 취입 중 긴급휴풍시 노열확보 위한 사전 PC 증가기준] 구분: 기존 PC 취입량 + | 1 Hr: 2~3 Ton | 2 Hr: 2~3 Ton | 3 Hr: 3.0 Ton | 4 Hr: 4.0 Ton | 5 Hr: 5.0 Ton

[4] type=table_str | file=tables_str_final.json | score=0.4978
[문서: 미분탄 취입시 조업기준] [경로: 5. 이상판단 및 조치기준 / 가. 미분탄 취입 중 긴급휴풍시 노열확보 위한 사전 PC 증가기준] ['구분: 기존 PC 취입량 + | 1 Hr: 2~3 Ton | 2 Hr: 2~3 Ton | 3 Hr: 3.0 Ton | 4 Hr: 4.0 Ton | 5 Hr: 5.0 Ton']

[5] type=text | file=texts_final.json | score=0.4940
[문서: 미분탄 취입시 노내변화 기준] [경로: 6. 기술이론 / 6.2 미분탄 조업시 노내상황 변화] PCR ↑

열류비 ↓

● 고온영역이 상향이동
● 저온보존대 축소
● 고온보존대 확대

{{IMG_TR_003}}
PCR 100 Kg/T-P

{{IMG_TR_004}}
PCR 150 Kg/T-P

{{IMG_TR_005}}
PCR 180 Kg/T-P

미분탄 취입비 증가시 노내 온도분포 변화

[열 BALANCE 변화]

{{IMG_SUM_002}}"
풍구에 미분탄을 어떻게 취입합니까? 바람과 함께 들어가는 겁니까?,"컨텍스트에서 미분탄이 어떻게 풍구를 통해 취입되는지 명확하게 설명하지 않았습니다. 일반적으로, 미분탄은 Lance(취입단관)라는 파이프를 통해 고로 내부로 취입됩니다. 그러나 바람과 함께 자연스럽게 들어가는 것이 아니라, 특별한 장비와 절차를 사용하여 안전하고 효과적으로 취입됩니다. 주어진 정보만으로는 미분탄을 풍구에 어떻게 정확히 취입하는지 자세하게 설명할 수 없습니다.","[1] type=text | file=texts_final.json | score=0.5373
[문서: 미분탄 취입시 조업기준] [경로: 6. 기술이론 / 6.1 미분탄 취입시 노하부 통기영향 Mechanism] ## 6.1 미분탄 취입시 노하부 통기영향 Mechanism

{{IMG_SUM_005}}

[2] type=table_str | file=tables_str_final.json | score=0.5218
[문서: 미분탄 취입 용어의 기준] [경로: 4. 조업기준 / 4.2 “미분탄 취입시 조업문제점 및 대책”관련 용어] 용어: ○ 취입단관 | 영문 표기: Lance | 정의: -미분탄을 고로에 취입시키기 위해 풍구 선단에 설치되어 있는 Pipe | 비고:

[3] type=text | file=texts_final.json | score=0.5045
[문서: 노내 침목적 작업 기술] [경로: 4. 조업기준 / 4.1 조업관리기준 / 4.1.4 침목 반입계획 / 가. 침목반입 지정풍구 및 작업원 출입구(침목반입풍구와 인접풍구)는 풍구를 취외한다.나. 침목은 Rampway를 통해 운반한 후 지개차를 이용하여 Tower crane 측 주상에 적치한다.다. 침목을 풍구상에서 침목반입 풍구까지 운반하는 것은 노체연와 수송용 Roller를 이용한다.라. 침목 반입구, 작업원 출입구, 감시 및 신호구는 풍구 취외부의 손상을 방지하기 위하여 (그림 11)과 같은 보호장치를 한다.] ### 4.1.4 침목 반입계획

#### 가. 침목반입 지정풍구 및 작업원 출입구(침목반입풍구와 인접풍구)는 풍구를 취외한다.나. 침목은 Rampway를 통해 운반한 후 지개차를 이용하여 Tower crane 측 주상에 적치한다.다. 침목을 풍구상에서 침목반입 풍구까지 운반하는 것은 노체연와 수송용 Roller를 이용한다.라. 침목 반입구, 작업원 출입구, 감시 및 신호구는 풍구 취외부의 손상을 방지하기 위하여 (그림 11)과 같은 보호장치를 한다.

{{IMG_TR_010}}
그림 11. 침목반입 및 작업원 출입구 보호장치

[4] type=table_str | file=tables_str_final.json | score=0.4995
[문서: 노심 불활성화시 조치기준] [경로: 6 일후 장입 Coke 풍구 Level 아래 3.5m 지역 안착 / 6.2.3 기타 노심활성화 대책] 관련특허, 문헌: 고로 미분탄 및 철원 동시투입법 (JP97-155709) | 기술개요: 풍구로 철원취입을 실시하여 통기, 풍액성 조절, 미분탄 취입라인 반대쪽에 철원 취입관 설치 | 비고: Carbon 코팅광석 취입방법 시도중 (광양)

[5] type=table_str | file=tables_str_final.json | score=0.4969
[문서: 미분탄 취입 용어의 기준] [경로: 4. 조업기준 / 4.2 “미분탄 취입시 조업문제점 및 대책”관련 용어] ['용어: ○ 야드입조 | 영문 표기: - | 정의: -소결광 및 Coke를 고로에 장입할 때 설비 Trouble 또는 비정상적인 원인에 의해 고로까지 직접 운송되지 못할 경우 Yard에 적치되어 있는 것을 고로에 입조하는 것을 말함 | 비고: ', '용어: ○ 취입단관 | 영문 표기: Lance | 정의: -미분탄을 고로에 취입시키기 위해 풍구 선단에 설치되어 있는 Pipe | 비고: ']"
"풍구 용손, 곡손이 발생하는 이유는 무엇입니까",컨텍스트에서 풍구 용손과 곡손에 대한 직접적인 원인 설명은 제공되지 않았습니다. 따라서 그 이유를 명확히 밝힐 수 없습니다. 추가 정보가 필요합니다.,"[1] type=text | file=texts_final.json | score=0.4259
[문서: 열풍로 개,보수기술 기준] [경로: 6. 기술이론 / 6.1 Koppers 규석연와 열풍로의 특성 / 6.1.3 규석의 변태 팽창 곡선] ### 6.1.3 규석의 변태 팽창 곡선

{{IMG_TR_008}}

[2] type=image_sum | file=images_sum_final.json | score=0.4080
[문서: [Si] 제어기술 기준] [경로: 6. 기술이론 / 6.1 용선 [Si]생성 Mechanism] No Description

[3] type=text | file=texts_final.json | score=0.4055
[문서: 감산조업 사상과 감산 기준] [경로: 4. 조업기준 / 4.3 감산조업시 문제점 원인 및 대책 / 가. 풍구유속 저하] ## 4.3 감산조업시 문제점 원인 및 대책

### 가. 풍구유속 저하

{{IMG_SUM_001}}
●대책 : 풍구경 축소, 조정에 의한 풍구유속 저하 방지

[4] type=text | file=texts_final.json | score=0.3980
[문서: 노저연와 침식기구 및 잔존 계산법 기준] [경로: 6 기술이론 / 6.1 노저연와의 침식 기구 / 6.1.1 주요 노저연와 침식기구 / 사. 열응력에 의한 침식: Carbon 연와의 큰 온도구배 형성시 열응력에 의한 균열, 파괴] ### 6.1.1 주요 노저연와 침식기구

#### 가. 용선 유동에 의한 기계적인 침식: 노저 코너부에 주로 발생

#### 나. 용선 침투로 비중차에 의한 연와부상: Hearth Bottom 중심부에서 발생

#### 다. Carbon 연와 조직변화에 의한 침식: 기공내 화학 및 물리적 반응에 의한 침식

#### 라. 열 확산에 의한 침식: Fe-C 상태도의 공정 온도인 1153°C 부근에서 발생

#### 마. 알카리에 의한 침식: Carbon 연와 기공으로 침투된 알카리 화합물의 체적 팽창

#### 바. Zn에 의한 침식: 풍구 하부로 부터 출선구 부근의 균열부 및 부착물 계면 등에 발생

#### 사. 열응력에 의한 침식: Carbon 연와의 큰 온도구배 형성시 열응력에 의한 균열, 파괴

[5] type=image_trans | file=images_trans_final.json | score=0.3898
[문서: 열풍로 개,보수기술 기준] [경로: 6. 기술이론 / 6.1 Koppers 규석연와 열풍로의 특성 / 6.1.3 규석의 변태 팽창 곡선] No Description"
노벽보수 후 재송풍 시 8시간 후부터 풍량을 홀딩시키는 이유는 무엇입니까?,"컨텍스트에서 명확하게 언급된 정보만으로는 노벽보수 후 재송풍 시 8시간 후부터 풍량을 홀딩시키는 이유를 설명할 수 없습니다. 제공된 컨텍스트에서는 감광, 감척, 봉락작업 이후의 조치 등이 언급되어 있지만, 보수 후 재송풍과 관련한 특정 시간 지연에 대한 직접적인 정보가 포함되어 있지 않습니다. 따라서 이 질문에 대해선 모릅니다.","[1] type=text | file=texts_final.json | score=0.5760
[문서: 노벽보수시 감광 및 감척기준] [경로: 2. 목 적] # 2. 목 적
노벽 보수를 위하여 감척후 장시간 휴풍시 노벽의 부착물 탈락과 노벽 보수시 발생되는 보수재의 Loss량이 노내에 침적되어 노열을 급격히 저하시켜 재송풍시 노황 불량을 초래하게 된다 이를 방지하고 빠른 복적으로 정상적 노황 유지를 위하여 사전에 충분한 감광과 적정 감척 Level을 설정하기 위함

[2] type=text | file=texts_final.json | score=0.5613
[문서: 장입물 강하 이상시 조치 기준] [경로: 4. 조업기준 / 4.2 장입물 걸림(栅, HANGING) / 4.2.5 봉락작업 후의 증풍 / 다. 노내 Gas 유속은 취방방지를 위해 정상시보다 낮은 상태로 유지한다.노열보상은 SLIP 발생크기 및 당시 노열 등을 고려 결정한다.] ### 4.2.5 봉락작업 후의 증풍

#### 가. 봉락후는 정풍량을 기준으로 노정압을 먼저 상향조정한 후에 증풍을 실시하여 송풍압을 상향할 수 있도록 한다.

#### 나. 노내 과상대 및 융착층 분포를 우선 정상적인 상태로 회복하기 위해 봉락전의 풍량의 약 70~80% 수준까지 가능한 신속히 복귀를 한다.

#### 다. 노내 Gas 유속은 취방방지를 위해 정상시보다 낮은 상태로 유지한다.노열보상은 SLIP 발생크기 및 당시 노열 등을 고려 결정한다.

[3] type=text | file=texts_final.json | score=0.5185
[문서: 노체 압입작업 기술 기준] [경로: 6. 기술이론 / 6.4 압입시기 및 기준 / 6.4.2 Castable 압입 / 마. 압입후 재송풍 시점] ### 6.4.2 Castable 압입

#### 가. 압입시기
노벽 연와의 잔존량이 300mm 이하 시점을 최초 압입 시기로 하나 노벽상황에 따라 전체적으로 심한침식 현상을 보이거나 국부적으로 연와의 탈락 현상이 있을 경우에는 잔존이 300mm 이상 에서도 압입을 실시 해야한다

#### 나. Core Boring 시기
노체에 설치된 압력계를 통하여 잔존을 Check 하여 400mm 수준에서 Core Boring 을 실시하며 노체의 잔존을 정밀점검을 실시하고 압입 Nipple 을 설치한후 향후 압입 필요 시 압입구로 활용한다

#### 다. 압입 1 공당 압입량 산출
압입재의 재질 및 특성에 따라 페짐성, 두께 조벽성, 소성시간, 노벽에 요구되는 두께의 확보등의 조건에 따라 한공당 압입량이 결정됨 따라서 그특성을 적용하여 아래와 같은 사용량을 산출하여 압입할 공수에 대한 총사용량을 판단함

{{IMG_SUM_002}}

#### 라. 압입주기
압입재가 소성후 조업중 마모되는 시기를 주기로 하여 주기에 맞추어 압입을 실시 해야 노벽의 보호가 가능함: 현재 개발, 적용되고있는 압입재의 수명은 약 6 개월임

#### 마. 압입후 재송풍 시점
압입재의 소성강도가 발현하는 시간으로 현재 사용중인 압입재는 약 3 시간이므로 압입후 3 시간후 재송풍 되어야 압입재가 내마모성을 가지게 됨

[4] type=text | file=texts_final.json | score=0.5181
[문서: 노벽탈락 발생시 조치 기준] [경로: 4. 조업 기준 / 4.6 스캔의 조정] (2) 송풍온도를 일시적으로 감소시킨다. (이것은 슬래그 확산 지역을 상부로 올리는 역할을 한다)

(3) 만약 부착물에 의해 행잉이 고로 중심 방향으로 아치(Arch)형으로 달달되어 있는 경우에는 감압에 의한 봉락작업이 요구 되기도 한다. 왜냐하면, 봉락작업은 송풍의 부양성을 감소시켜 장입물의 무게가 부착물을 파괴할 수 있도록 하기 때문이다.

(4) 노벽 부위에 석회질의 슬래그 형성을 피하기 위하여 노중심축에 석회석 장입을 유도한다.

(5) 주변부의 통기성을 개선하여 스랩이 제거될 수 있도록 장입물 분포를 조정한다. (주변부 O/C 조정)

(6) 고온특성이 우수한 소결광을 사용하여 연화용착 범위를 축소 시킨다. (많은 형석을 포함한 고강도 소결광 사용)

[5] type=text | file=texts_final.json | score=0.5145
[문서: 노저온도 상승, 저하시 조치 기준] [경로: 6. 기술이론 / 6.3 열풍제어변(HBFCV)에 의한 노저온도 제어 / 6.3.3 열풍제어변에 의한 노저 측벽보호 및 출선시간 연장 메커니즘] ### 6.3.3 열풍제어변에 의한 노저 측벽보호 및 출선시간 연장 메커니즘

{{IMG_SUM_003}}"
열류비가 무엇입니까?,제공된 컨텍스트에서 '열류비'라는 용어나 개념은 언급되어 있지 않습니다. 따라서 이를 정확히 설명하기 위해서는 추가적인 정보가 필요합니다.,"[1] type=text | file=texts_final.json | score=0.4652
[문서: 열풍로 조업관리 기준] [경로: 6. 기술이론 / 6.1 연소이론 / 6.1.2 연소관련 주요 용어 / 6.1.2.4 공기비(실제공연비와 이론공연비의 비) / 나. 과잉 공기연소시의 공기비 > 1.0] #### 6.1.2.4 공기비(실제공연비와 이론공연비의 비)

##### 가. 이론공기비로 연소시킬때의 공기비 1.0

##### 나. 과잉 공기연소시의 공기비 > 1.0

[2] type=text | file=texts_final.json | score=0.4568
[문서: 열풍로 연소기술 기준] [경로: 6. 기술이론 / 6.1 열 정 산 / 6.1.3 입열량(B0) : 연소,송풍 1Cycle 동안 열풍로에 투입된 총열량 / 6.1.3.5 냉풍 습분 현열(B5) : 송풍중 냉풍중의 수증기가 열풍로에 가지고 들어오는 열량] #### 6.1.3.5 냉풍 습분 현열(B5) : 송풍중 냉풍중의 수증기가 열풍로에 가지고 들어오는 열량

{{IMG_SUM_015}}

[3] type=text | file=texts_final.json | score=0.4549
[문서: 열풍로 조업관리 기준] [경로: 6. 기술이론 / 6.1 연소이론 / 6.1.2 연소관련 주요 용어 / 6.1.2.6 실제 배가스량] #### 6.1.2.6 실제 배가스량
이론 배가스량 + (공기비 - 1) X 이론 공기량

[4] type=text | file=texts_final.json | score=0.4535
[문서: 열풍로 연소기술 기준] [경로: 6. 기술이론 / 6.1 열 정 산 / 6.1.4 총열량(A0) : 연소, 송풍 1Cycle 동안 열풍로에서 지출된 총열량 / 6.1.4.2 열풍습분 현열(A2) : 송풍중 열풍중의 수증기가 열풍로에서 가지고 나가는 열량] #### 6.1.4.2 열풍습분 현열(A2) : 송풍중 열풍중의 수증기가 열풍로에서 가지고 나가는 열량

{{IMG_SUM_017}}

[5] type=text | file=texts_final.json | score=0.4526
[문서: 열풍로 연소기술 기준] [경로: 6. 기술이론 / 6.1 열 정 산 / 6.1.3 입열량(B0) : 연소,송풍 1Cycle 동안 열풍로에 투입된 총열량 / 6.1.3.2 연소용 Air 현열(B2) : 연소중 연소용 Air 가 열풍로에 가지고 들어오는 열량] #### 6.1.3.2 연소용 Air 현열(B2) : 연소중 연소용 Air 가 열풍로에 가지고 들어오는 열량

{{IMG_SUM_012}}"
"미분탄 취입시, 고기비라는 말이 나오는데 그 의미가 무엇입니까?","컨텍스트에서 ""고기비""에 대한 직접적인 설명은 제공되지 않았습니다. 그러나 주어진 컨텍스트에서 '미분탄비'가 언급되어 있으며, 이는 1톤의 용선을 생산할 때 투입되는 미분탄의 양(Kg/T-P)을 의미합니다. 질문에 대한 명확한 답변을 제공하기 위해서는 추가적인 정보나 정확한 용어 필요성이 있습니다.","[1] type=text | file=texts_final.json | score=0.5405
[문서: 미분탄 취입 용어의 기준] [경로: 4. 조업기준 / 4.1 “미분탄 취입조업시 노내상황 변화”관련 용어] ## 4.1 “미분탄 취입조업시 노내상황 변화”관련 용어

{{TB_STR_002}}

[2] type=text | file=texts_final.json | score=0.5404
[문서: 미분탄 취입 용어의 기준] [경로: 4. 조업기준 / 4.3 “미분탄 취입시 조엽기준”관련 용어] ## 4.3 “미분탄 취입시 조엽기준”관련 용어

{{TB_STR_004}}

[3] type=text | file=texts_final.json | score=0.5389
[문서: 미분탄 취입 용어의 기준] [경로: 4. 조업기준 / 4.2 “미분탄 취입시 조업문제점 및 대책”관련 용어] ## 4.2 “미분탄 취입시 조업문제점 및 대책”관련 용어

{{TB_STR_003}}

[4] type=text | file=texts_final.json | score=0.5304
[문서: 미분탄 취입시 조업 대책 기준] [경로: 6. 기술이론 / 6.1 미분탄 취입비 증대시 문제점] ## 6.1 미분탄 취입비 증대시 문제점

{{IMG_SUM_001}}

[5] type=table_str | file=tables_str_final.json | score=0.5248
[문서: 미분탄 취입 용어의 기준] [경로: 4. 조업기준 / 4.1 “미분탄 취입조업시 노내상황 변화”관련 용어] 용어: ○ 미분탄비 | 영문 표기: PCR | 정의: -용선 1Ton 생산시 투입되는 미분탄량 (Kg/T-P) | 비고:"
노저 온도가 올라가는 이유가 무엇입니까?,컨텍스트에서 노저 온도가 오르는 직접적인 이유에 대한 명확한 설명은 제공되지 않았습니다. 그러나 노저의 열부하 증가나 노내 통기성 악화 등이 관련 있을 수 있습니다. 정확한 원인 분석을 위해서는 추가적인 기술적 정보가 필요합니다.,"[1] type=text | file=texts_final.json | score=0.5764
[문서: 노저온도 상승, 저하시 조치 기준] [경로: 6. 기술이론 / 6.5 노저 Bottom 부 온도저하시 현상 / 6.5.2 노저온도 저하 Mechanism] ### 6.5.2 노저온도 저하 Mechanism

{{IMG_SUM_004}}

[2] type=text | file=texts_final.json | score=0.5629
[문서: 노저온도 상승, 저하시 조치 기준] [경로: 6. 기술이론 / 6.5 노저 Bottom 부 온도저하시 현상 / 가. 노저 측벽온도 및 HB 온도의 저하가 지속적으로 발생나. 노저 용기에 따른 출선 Tap 수 증가다. 노내 통기성 악화 및 가스류 불균일 등의 노황 불안정 지속] ## 6.5 노저 Bottom 부 온도저하시 현상

### 가. 노저 측벽온도 및 HB 온도의 저하가 지속적으로 발생나. 노저 용기에 따른 출선 Tap 수 증가다. 노내 통기성 악화 및 가스류 불균일 등의 노황 불안정 지속

[3] type=image_sum | file=images_sum_final.json | score=0.5596
[문서: 노저온도 상승, 저하시 조치 기준] [경로: 6. 기술이론 / 6.5 노저 Bottom 부 온도저하시 현상 / 6.5.2 노저온도 저하 Mechanism] No Description

[4] type=text | file=texts_final.json | score=0.5544
[문서: 노저온도 상승, 저하시 조치 기준] [경로: 2. 목 적] # 2. 목 적
노저온도 관리는 노저의 측벽 및 Bottom 부의 건전성 판단에 중요한 지표가 된다 온도가 이상 상승하면 노저의 열부하로 침식의 심화를 예상하며 온도가 너무 낮게 하향하면 노저의 용기 현상등 불활성화 문제가 된다 따라서 노저의 적정온도 유지가 노 장수명을 좌우 하므로 적정 온도 유지를 위한 조업 Action 기술이 필요하다

[5] type=text | file=texts_final.json | score=0.5388
[문서: 노저온도 상승, 저하시 조치 기준] [경로: 4. 조업관리 기준 / 4.2 노저 Hearth 부 온도 상승시 Action 사항] ## 4.2 노저 Hearth 부 온도 상승시 Action 사항

{{TB_STR_003}}"
